Checking out Encounter license ...
SOC_Encounter_GXL 8.1 license checkout succeeded.
This Encounter release has been compiled with OA version 22.04-p032.
sourcing /usr/Cadence/SOC/etc/fe/rdaDSL.tcl
*******************************************************************
*   Copyright (c)  Cadence Design Systems, Inc.  1996 - 2008.     *
*                     All rights reserved.                        *
*                                                                 *
*                                                                 *
*                                                                 *
* This program contains confidential and trade secret information *
* of Cadence Design Systems, Inc. and is protected by copyright   *
* law and international treaties.  Any reproduction, use,         *
* distribution or disclosure of this program or any portion of it,*
* or any attempt to obtain a human-readable version of this       *
* program, without the express, prior written consent of          *
* Cadence Design Systems, Inc., is strictly prohibited.           *
*                                                                 *
*                 Cadence Design Systems, Inc.                    *
*                    2655 Seely Avenue                            *
*                   San Jose, CA 95134,  USA                      *
*                                                                 *
*                                                                 *
*******************************************************************

@(#)CDS: First Encounter v08.10-p004_1 (32bit) 11/04/2008 14:34 (Linux 2.6)
@(#)CDS: NanoRoute v08.10-p008 NR081027-0018/USR58-UB (database version 2.30, 67.1.1) {superthreading v1.11}
@(#)CDS: CeltIC v08.10-p002_1 (32bit) 10/23/2008 22:04:14 (Linux 2.6.9-67.0.10.ELsmp)
@(#)CDS: CTE v08.10-p016_1 (32bit) Oct 26 2008 15:11:51 (Linux 2.6.9-67.0.10.ELsmp)
@(#)CDS: CPE v08.10-p009
--- Starting "First Encounter v08.10-p004_1" on Tue Oct  6 17:45:04 2026 (mem=62.2M) ---
--- Running on localhost.localdomain (x86_64 w/Linux 2.6.32-431.29.2.el6.x86_64) ---
This version was compiled on Tue Nov 4 14:34:21 PST 2008.
Set DBUPerIGU to 1000.
Set Default Mode Total Cap Scale Factor to 1.00
Set Detail Mode Total Cap Scale Factor to 1.00
Set Coupling Total Cap Scale Factor to 1.00
Set Total Res Scale Factor to 1.00
Set net toggle Scale Factor to 1.00
Set Shrink Factor to 1.00000
<CMD_INTERNAL> setUIVar rda_Input ui_topcell SYS_TOP
<CMD_INTERNAL> setUIVar rda_Input ui_netlist /home/ahesham/Projects/System_pnr/DFT/netlists/SYS_TOP.v
<CMD_INTERNAL> setUIVar rda_Input ui_timelib,min /home/ahesham/Projects/System_pnr/std_cells/libs/scmetro_tsmc_cl013g_rvt_ff_1p32v_m40c.lib
<CMD_INTERNAL> setUIVar rda_Input ui_timelib,max /home/ahesham/Projects/System_pnr/std_cells/libs/scmetro_tsmc_cl013g_rvt_ss_1p08v_125c.lib
<CMD_INTERNAL> setUIVar rda_Input ui_timelib /home/ahesham/Projects/System_pnr/std_cells/libs/scmetro_tsmc_cl013g_rvt_tt_1p2v_25c.lib
<CMD_INTERNAL> setUIVar rda_Input ui_leffile {/home/ahesham/Projects/System_pnr/std_cells/lef/tsmc13fsg_7lm_tech.lef /home/ahesham/Projects/System_pnr/std_cells/lef/tsmc13_m_macros.lef /home/ahesham/Projects/System_pnr/pnr/import/SYS_TOP_4.lef}
<CMD_INTERNAL> setUIVar rda_Input ui_captbl_file /home/ahesham/Projects/System_pnr/std_cells/captables/tsmc13fsg.capTbl
<CMD_INTERNAL> setUIVar rda_Input ui_timingcon_file /home/ahesham/Projects/System_pnr/DFT/sdc/SYS_TOP.sdc
<CMD_INTERNAL> setUIVar rda_Input ui_pwrnet VDD
<CMD_INTERNAL> setUIVar rda_Input ui_gndnet VSS
<CMD> commitConfig

Loading Lef file /home/ahesham/Projects/System_pnr/std_cells/lef/tsmc13fsg_7lm_tech.lef...

Loading Lef file /home/ahesham/Projects/System_pnr/std_cells/lef/tsmc13_m_macros.lef...
Set DBUPerIGU to M2 pitch 820.
Initializing default via types and wire widths ...

Loading Lef file /home/ahesham/Projects/System_pnr/pnr/import/SYS_TOP_4.lef...
**WARN: (SOCLF-246):	The 'UNITS' attribute should be set
in the first lef file (technology lef). There is an attempt to set it
in subsequent lef files which will be ignored.
**WARN: (SOCLF-46):	Class CORE macro 'SYS_TOP' has no SITE statement defined.
Class CORE macros require a SITE statement. The SITE FE_CORE_0 was
created and will be used for this macro, using height 180.6000 that
matches the macro SIZE height, and width 0.4100 that matches the
m2 routing pitch. Define the site explicitly in the LEF file, to
this message in the future.

Power Planner/ViaGen version 8.1.45 promoted on 09/01/2008.
viaInitial starts at Tue Oct  6 17:45:11 2026
viaInitial ends at Tue Oct  6 17:45:11 2026
Reading netlist ...
Backslashed names will retain backslash and a trailing blank character.
Reading verilog netlist '/home/ahesham/Projects/System_pnr/DFT/netlists/SYS_TOP.v'
Inserting temporary buffers to remove assignment statements.
Non-leaf cell SYS_TOP will be treated as a leaf cell.

*** Memory Usage v0.144 (Current mem = 189.121M, initial mem = 62.238M) ***
*** End netlist parsing (cpu=0:00:00.0, real=0:00:00.0, mem=189.1M) ***
Set top cell to SYS_TOP.
Reading max timing library '/home/ahesham/Projects/System_pnr/std_cells/libs/scmetro_tsmc_cl013g_rvt_ss_1p08v_125c.lib' ...
No function defined for cell 'HOLDX1M'. The cell will only be used for analysis.
 read 618 cells in library 'scmetro_tsmc_cl013g_rvt_ss_1p08v_125c' 
Reading min timing library '/home/ahesham/Projects/System_pnr/std_cells/libs/scmetro_tsmc_cl013g_rvt_ff_1p32v_m40c.lib' ...
No function defined for cell 'HOLDX1M'. The cell will only be used for analysis.
 read 618 cells in library 'scmetro_tsmc_cl013g_rvt_ff_1p32v_m40c' 
Reading max timing library '/home/ahesham/Projects/System_pnr/std_cells/libs/scmetro_tsmc_cl013g_rvt_tt_1p2v_25c.lib' ...
No function defined for cell 'HOLDX1M'. The cell will only be used for analysis.
 read 618 cells in library 'scmetro_tsmc_cl013g_rvt_tt_1p2v_25c' 
Reading min timing library '/home/ahesham/Projects/System_pnr/std_cells/libs/scmetro_tsmc_cl013g_rvt_tt_1p2v_25c.lib' ...
No function defined for cell 'HOLDX1M'. The cell will only be used for analysis.
 read 618 cells in library 'scmetro_tsmc_cl013g_rvt_tt_1p2v_25c' 
**WARN: (SOCSYC-2):	Timing is not defined for cell SYS_TOP.
*** End library_loading (cpu=0.10min, mem=90.8M, fe_cpu=0.15min, fe_mem=279.9M) ***
Starting recursive module instantiation check.
No recursion found.
*****NEW dbFlattenCell is used.
Flattening Cell SYS_TOP ...
*** Netlist is unique.
** info: there are 2537 modules.
** info: there are 2644 stdCell insts.

*** Memory Usage v0.144 (Current mem = 280.332M, initial mem = 62.238M) ***
CTE reading timing constraint file '/home/ahesham/Projects/System_pnr/DFT/sdc/SYS_TOP.sdc' ...
**WARN: (TCLCMD-1013):	The SDC set_operating_conditions assertion is not supported. Please use the Encounter setOpCond command to specify library and operating condition information. Use the setAnalysisMode command to control single vs. bestCase/worstCase vs. on-chip variation timing analysis. (File /home/ahesham/Projects/System_pnr/DFT/sdc/SYS_TOP.sdc, Line 9).

**WARN: (SOCCTE-286):	Library scmetro_tsmc_cl013g_rvt_ss_1p08v_125c is not in the min library list.
**WARN: (SOCCTE-289):	set_driving_cell :  Use the cell in library scmetro_tsmc_cl013g_rvt_ss_1p08v_125c.
**WARN: (SOCCTE-286):	Library scmetro_tsmc_cl013g_rvt_ss_1p08v_125c is not in the min library list.
**WARN: (SOCCTE-289):	set_driving_cell :  Use the cell in library scmetro_tsmc_cl013g_rvt_ss_1p08v_125c.
**WARN: (SOCCTE-286):	Library scmetro_tsmc_cl013g_rvt_ss_1p08v_125c is not in the min library list.
**WARN: (SOCCTE-289):	set_driving_cell :  Use the cell in library scmetro_tsmc_cl013g_rvt_ss_1p08v_125c.
**WARN: (SOCCTE-286):	Library scmetro_tsmc_cl013g_rvt_ss_1p08v_125c is not in the min library list.
**WARN: (SOCCTE-289):	set_driving_cell :  Use the cell in library scmetro_tsmc_cl013g_rvt_ss_1p08v_125c.
**WARN: (SOCCTE-286):	Library scmetro_tsmc_cl013g_rvt_ss_1p08v_125c is not in the min library list.
**WARN: (SOCCTE-289):	set_driving_cell :  Use the cell in library scmetro_tsmc_cl013g_rvt_ss_1p08v_125c.
**WARN: (SOCCTE-286):	Library scmetro_tsmc_cl013g_rvt_ss_1p08v_125c is not in the min library list.
**WARN: (SOCCTE-289):	set_driving_cell :  Use the cell in library scmetro_tsmc_cl013g_rvt_ss_1p08v_125c.
**WARN: (SOCCTE-286):	Library scmetro_tsmc_cl013g_rvt_ss_1p08v_125c is not in the min library list.
**WARN: (SOCCTE-289):	set_driving_cell :  Use the cell in library scmetro_tsmc_cl013g_rvt_ss_1p08v_125c.
**WARN: (SOCCTE-286):	Library scmetro_tsmc_cl013g_rvt_ss_1p08v_125c is not in the min library list.
**WARN: (SOCCTE-289):	set_driving_cell :  Use the cell in library scmetro_tsmc_cl013g_rvt_ss_1p08v_125c.
**WARN: (SOCCTE-286):	Library scmetro_tsmc_cl013g_rvt_ss_1p08v_125c is not in the min library list.
**WARN: (SOCCTE-289):	set_driving_cell :  Use the cell in library scmetro_tsmc_cl013g_rvt_ss_1p08v_125c.
**WARN: (SOCCTE-286):	Library scmetro_tsmc_cl013g_rvt_ss_1p08v_125c is not in the min library list.
**WARN: (SOCCTE-289):	set_driving_cell :  Use the cell in library scmetro_tsmc_cl013g_rvt_ss_1p08v_125c.
**WARN: (SOCCTE-286):	Library scmetro_tsmc_cl013g_rvt_ss_1p08v_125c is not in the min library list.
**WARN: (SOCCTE-289):	set_driving_cell :  Use the cell in library scmetro_tsmc_cl013g_rvt_ss_1p08v_125c.
**WARN: (SOCCTE-286):	Library scmetro_tsmc_cl013g_rvt_ss_1p08v_125c is not in the min library list.
**WARN: (SOCCTE-289):	set_driving_cell :  Use the cell in library scmetro_tsmc_cl013g_rvt_ss_1p08v_125c.
**WARN: (TCLCMD-1068):	One or more of the target pins given with create_clock/create_generated_clock for clock 'ALU_CLK' are hierarchical pins. Tool has mapped these hierarchical pins to their respective flat pin(s). 'report_clocks -clocks' can be used to know the mapped flat pins for given clock. (File /home/ahesham/Projects/System_pnr/DFT/sdc/SYS_TOP.sdc, Line 46).

**WARN: (TCLCMD-1068):	One or more of the target pins given with create_clock/create_generated_clock for clock 'RX_CLK' are hierarchical pins. Tool has mapped these hierarchical pins to their respective flat pin(s). 'report_clocks -clocks' can be used to know the mapped flat pins for given clock. (File /home/ahesham/Projects/System_pnr/DFT/sdc/SYS_TOP.sdc, Line 49).

**WARN: (TCLCMD-1068):	One or more of the target pins given with create_clock/create_generated_clock for clock 'TX_CLK' are hierarchical pins. Tool has mapped these hierarchical pins to their respective flat pin(s). 'report_clocks -clocks' can be used to know the mapped flat pins for given clock. (File /home/ahesham/Projects/System_pnr/DFT/sdc/SYS_TOP.sdc, Line 52).

INFO (CTE): read_dc_script finished with  4 WARNING
WARNING (CTE-25): Line: 8 of File /home/ahesham/Projects/System_pnr/DFT/sdc/SYS_TOP.sdc : Skipped unsupported command: set_units


*** Read timing constraints (cpu=0:00:00.0 mem=296.3M) ***
*info - Done with setDoAssign with 33 assigns removed and 0 assigns could not be removed.
Total number of combinational cells: 433
Total number of sequential cells: 174
Total number of tristate cells: 10
Total number of level shifter cells: 0
Total number of power gating cells: 0
Total number of isolation cells: 0
Total number of power switch cells: 0
Total number of pulse generator cells: 0
Total number of always on buffers: 0
Total number of retention cells: 0
List of usable buffers: BUFX2M BUFX10M BUFX12M BUFX14M BUFX16M BUFX18M BUFX20M BUFX24M BUFX32M BUFX3M CLKBUFX1M BUFX4M BUFX5M BUFX6M BUFX8M CLKBUFX12M CLKBUFX16M CLKBUFX20M CLKBUFX24M CLKBUFX2M CLKBUFX3M CLKBUFX32M CLKBUFX40M CLKBUFX4M CLKBUFX6M CLKBUFX8M
Total number of usable buffers: 26
List of unusable buffers:
Total number of unusable buffers: 0
List of usable inverters: CLKINVX1M CLKINVX12M CLKINVX16M CLKINVX20M CLKINVX24M CLKINVX2M CLKINVX3M CLKINVX32M CLKINVX40M CLKINVX4M CLKINVX6M CLKINVX8M INVX10M INVX12M INVX14M INVX16M INVX18M INVX2M INVX1M INVX20M INVX24M INVX32M INVX4M INVX3M INVX6M INVX5M INVX8M INVXLM
Total number of usable inverters: 28
List of unusable inverters:
Total number of unusable inverters: 0
List of identified usable delay cells: DLY1X1M DLY1X4M DLY2X1M DLY2X4M DLY3X1M DLY3X4M DLY4X1M DLY4X4M
Total number of identified usable delay cells: 8
List of identified unusable delay cells:
Total number of identified unusable delay cells: 0
*info: set bottom ioPad orient R0
Set Using Default Delay Limit as 1000.
Set Default Net Delay as 1000 ps.
Set Default Net Load as 0.5 pF.
**WARN: (SOCDC-1159):	Invalid input transition time. The default 0.1ps input transition time will be used.
Set Input Pin Transition Delay as 0.1 ps.
Reading Capacitance Table File /home/ahesham/Projects/System_pnr/std_cells/captables/tsmc13fsg.capTbl ...
Cap Table was created using First Encounter 08.10-p004_1.
Process name: tsmc13fsg.
#WARNING (NRDB-21) The number of routing layer 7 in the database does not match with the value of 10 in the Extended Cap Table file.
<CMD> create_library_set -name min_library -timing "../std_cells/libs/scmetro_tsmc_cl013g_rvt_ff_1p32v_m40c.lib"
<CMD> create_library_set -name max_library -timing "../std_cells/libs/scmetro_tsmc_cl013g_rvt_ss_1p08v_125c.lib"
<CMD> create_library_set -name typ_library -timing "../std_cells/libs/scmetro_tsmc_cl013g_rvt_tt_1p2v_25c.lib"
<CMD> create_constraint_mode -name func_mode -sdc_files {../DFT/sdc/SYS_TOP_func.sdc}
<CMD> create_constraint_mode -name scan_mode -sdc_files {../DFT/sdc/SYS_TOP_scan.sdc}
<CMD> create_constraint_mode -name capture_mode -sdc_files {../DFT/sdc/SYS_TOP_capture.sdc}
<CMD> create_rc_corner -name RCcorner -cap_table "../std_cells/captables/tsmc13fsg.capTbl"
<CMD> create_delay_corner -name min_corner -library_set min_library -rc_corner RCcorner
<CMD> create_delay_corner -name max_corner -library_set max_library -rc_corner RCcorner
<CMD> create_analysis_view -name setup1_analysis_view -delay_corner max_corner -constraint_mode func_mode
<CMD> create_analysis_view -name hold1_analysis_view  -delay_corner min_corner -constraint_mode func_mode
<CMD> create_analysis_view -name setup2_analysis_view -delay_corner max_corner -constraint_mode capture_mode
<CMD> create_analysis_view -name hold2_analysis_view  -delay_corner min_corner -constraint_mode capture_mode
<CMD> create_analysis_view -name setup3_analysis_view -delay_corner max_corner -constraint_mode scan_mode
<CMD> create_analysis_view -name hold3_analysis_view  -delay_corner min_corner -constraint_mode scan_mode
<CMD> set_analysis_view -setup {setup1_analysis_view setup2_analysis_view setup3_analysis_view } \
                  -hold { hold1_analysis_view hold2_analysis_view hold3_analysis_view}
Initializing multi-corner RC extraction with 1 active RC Corners ...
Reading Capacitance Table File ../std_cells/captables/tsmc13fsg.capTbl ...
Cap Table was created using First Encounter 08.10-p004_1.
Process name: tsmc13fsg.
#WARNING (NRDB-21) The number of routing layer 7 in the database does not match with the value of 10 in the Extended Cap Table file.
Importing multi-corner RC tables ... 
Summary of Active RC-Corners : 
 Analysis View: setup1_analysis_view
    RC-Corner Name        : RCcorner
    RC-Corner Index       : 0
    RC-Corner Temperature : 25 Celsius
    RC-Corner Cap Table   : '../std_cells/captables/tsmc13fsg.capTbl'
    RC-Corner Default Res. Factor      : 1
    RC-Corner Detail Res. Factor       : 1
    RC-Corner Default Cap. Factor      : 1
    RC-Corner Detail Cap. Factor       : 1
    RC-Corner Cross Cap. Factor        : 1
 Analysis View: setup2_analysis_view
    RC-Corner Name        : RCcorner
    RC-Corner Index       : 0
    RC-Corner Temperature : 25 Celsius
    RC-Corner Cap Table   : '../std_cells/captables/tsmc13fsg.capTbl'
    RC-Corner Default Res. Factor      : 1
    RC-Corner Detail Res. Factor       : 1
    RC-Corner Default Cap. Factor      : 1
    RC-Corner Detail Cap. Factor       : 1
    RC-Corner Cross Cap. Factor        : 1
 Analysis View: setup3_analysis_view
    RC-Corner Name        : RCcorner
    RC-Corner Index       : 0
    RC-Corner Temperature : 25 Celsius
    RC-Corner Cap Table   : '../std_cells/captables/tsmc13fsg.capTbl'
    RC-Corner Default Res. Factor      : 1
    RC-Corner Detail Res. Factor       : 1
    RC-Corner Default Cap. Factor      : 1
    RC-Corner Detail Cap. Factor       : 1
    RC-Corner Cross Cap. Factor        : 1
 Analysis View: hold1_analysis_view
    RC-Corner Name        : RCcorner
    RC-Corner Index       : 0
    RC-Corner Temperature : 25 Celsius
    RC-Corner Cap Table   : '../std_cells/captables/tsmc13fsg.capTbl'
    RC-Corner Default Res. Factor      : 1
    RC-Corner Detail Res. Factor       : 1
    RC-Corner Default Cap. Factor      : 1
    RC-Corner Detail Cap. Factor       : 1
    RC-Corner Cross Cap. Factor        : 1
 Analysis View: hold2_analysis_view
    RC-Corner Name        : RCcorner
    RC-Corner Index       : 0
    RC-Corner Temperature : 25 Celsius
    RC-Corner Cap Table   : '../std_cells/captables/tsmc13fsg.capTbl'
    RC-Corner Default Res. Factor      : 1
    RC-Corner Detail Res. Factor       : 1
    RC-Corner Default Cap. Factor      : 1
    RC-Corner Detail Cap. Factor       : 1
    RC-Corner Cross Cap. Factor        : 1
 Analysis View: hold3_analysis_view
    RC-Corner Name        : RCcorner
    RC-Corner Index       : 0
    RC-Corner Temperature : 25 Celsius
    RC-Corner Cap Table   : '../std_cells/captables/tsmc13fsg.capTbl'
    RC-Corner Default Res. Factor      : 1
    RC-Corner Detail Res. Factor       : 1
    RC-Corner Default Cap. Factor      : 1
    RC-Corner Detail Cap. Factor       : 1
    RC-Corner Cross Cap. Factor        : 1
*Info: initialize multi-corner CTS.
CTE reading timing constraint file '../DFT/sdc/SYS_TOP_func.sdc' ...
**WARN: (TCLCMD-1014):	The SDC set_operating_conditions assertion is not supported. Please use the create_delay_corner command to specify the desired operating enviroment. Use the setAnalysisMode command to control single vs. bestCase/worstCase vs. on-chip variation timing analysis. (File ../DFT/sdc/SYS_TOP_func.sdc, Line 9).

**WARN: (SOCCTE-286):	Library scmetro_tsmc_cl013g_rvt_ss_1p08v_125c is not in the min library list.
**WARN: (SOCCTE-289):	set_driving_cell :  Use the cell in library scmetro_tsmc_cl013g_rvt_ss_1p08v_125c.
**WARN: (SOCCTE-286):	Library scmetro_tsmc_cl013g_rvt_ss_1p08v_125c is not in the min library list.
**WARN: (SOCCTE-289):	set_driving_cell :  Use the cell in library scmetro_tsmc_cl013g_rvt_ss_1p08v_125c.
**WARN: (SOCCTE-286):	Library scmetro_tsmc_cl013g_rvt_ss_1p08v_125c is not in the min library list.
**WARN: (SOCCTE-289):	set_driving_cell :  Use the cell in library scmetro_tsmc_cl013g_rvt_ss_1p08v_125c.
**WARN: (SOCCTE-286):	Library scmetro_tsmc_cl013g_rvt_ss_1p08v_125c is not in the min library list.
**WARN: (SOCCTE-289):	set_driving_cell :  Use the cell in library scmetro_tsmc_cl013g_rvt_ss_1p08v_125c.
**WARN: (SOCCTE-286):	Library scmetro_tsmc_cl013g_rvt_ss_1p08v_125c is not in the min library list.
**WARN: (SOCCTE-289):	set_driving_cell :  Use the cell in library scmetro_tsmc_cl013g_rvt_ss_1p08v_125c.
**WARN: (SOCCTE-286):	Library scmetro_tsmc_cl013g_rvt_ss_1p08v_125c is not in the min library list.
**WARN: (SOCCTE-289):	set_driving_cell :  Use the cell in library scmetro_tsmc_cl013g_rvt_ss_1p08v_125c.
**WARN: (SOCCTE-286):	Library scmetro_tsmc_cl013g_rvt_ss_1p08v_125c is not in the min library list.
**WARN: (SOCCTE-289):	set_driving_cell :  Use the cell in library scmetro_tsmc_cl013g_rvt_ss_1p08v_125c.
**WARN: (SOCCTE-286):	Library scmetro_tsmc_cl013g_rvt_ss_1p08v_125c is not in the min library list.
**WARN: (SOCCTE-289):	set_driving_cell :  Use the cell in library scmetro_tsmc_cl013g_rvt_ss_1p08v_125c.
**WARN: (SOCCTE-286):	Library scmetro_tsmc_cl013g_rvt_ss_1p08v_125c is not in the min library list.
**WARN: (SOCCTE-289):	set_driving_cell :  Use the cell in library scmetro_tsmc_cl013g_rvt_ss_1p08v_125c.
**WARN: (SOCCTE-286):	Library scmetro_tsmc_cl013g_rvt_ss_1p08v_125c is not in the min library list.
**WARN: (SOCCTE-289):	set_driving_cell :  Use the cell in library scmetro_tsmc_cl013g_rvt_ss_1p08v_125c.
**WARN: (SOCCTE-286):	Library scmetro_tsmc_cl013g_rvt_ss_1p08v_125c is not in the min library list.
**WARN: (SOCCTE-289):	set_driving_cell :  Use the cell in library scmetro_tsmc_cl013g_rvt_ss_1p08v_125c.
**WARN: (SOCCTE-286):	Library scmetro_tsmc_cl013g_rvt_ss_1p08v_125c is not in the min library list.
**WARN: (SOCCTE-289):	set_driving_cell :  Use the cell in library scmetro_tsmc_cl013g_rvt_ss_1p08v_125c.
**WARN: (TCLCMD-1068):	One or more of the target pins given with create_clock/create_generated_clock for clock 'ALU_CLK' are hierarchical pins. Tool has mapped these hierarchical pins to their respective flat pin(s). 'report_clocks -clocks' can be used to know the mapped flat pins for given clock. (File ../DFT/sdc/SYS_TOP_func.sdc, Line 46).

**WARN: (TCLCMD-1068):	One or more of the target pins given with create_clock/create_generated_clock for clock 'RX_CLK' are hierarchical pins. Tool has mapped these hierarchical pins to their respective flat pin(s). 'report_clocks -clocks' can be used to know the mapped flat pins for given clock. (File ../DFT/sdc/SYS_TOP_func.sdc, Line 49).

**WARN: (TCLCMD-1068):	One or more of the target pins given with create_clock/create_generated_clock for clock 'TX_CLK' are hierarchical pins. Tool has mapped these hierarchical pins to their respective flat pin(s). 'report_clocks -clocks' can be used to know the mapped flat pins for given clock. (File ../DFT/sdc/SYS_TOP_func.sdc, Line 52).

INFO (CTE): read_dc_script finished with  4 WARNING
WARNING (CTE-25): Line: 8 of File ../DFT/sdc/SYS_TOP_func.sdc : Skipped unsupported command: set_units


CTE reading timing constraint file '../DFT/sdc/SYS_TOP_capture.sdc' ...
**WARN: (TCLCMD-1014):	The SDC set_operating_conditions assertion is not supported. Please use the create_delay_corner command to specify the desired operating enviroment. Use the setAnalysisMode command to control single vs. bestCase/worstCase vs. on-chip variation timing analysis. (File ../DFT/sdc/SYS_TOP_capture.sdc, Line 9).

**WARN: (SOCCTE-286):	Library scmetro_tsmc_cl013g_rvt_ss_1p08v_125c is not in the min library list.
**WARN: (SOCCTE-289):	set_driving_cell :  Use the cell in library scmetro_tsmc_cl013g_rvt_ss_1p08v_125c.
**WARN: (SOCCTE-286):	Library scmetro_tsmc_cl013g_rvt_ss_1p08v_125c is not in the min library list.
**WARN: (SOCCTE-289):	set_driving_cell :  Use the cell in library scmetro_tsmc_cl013g_rvt_ss_1p08v_125c.
**WARN: (SOCCTE-286):	Library scmetro_tsmc_cl013g_rvt_ss_1p08v_125c is not in the min library list.
**WARN: (SOCCTE-289):	set_driving_cell :  Use the cell in library scmetro_tsmc_cl013g_rvt_ss_1p08v_125c.
**WARN: (SOCCTE-286):	Library scmetro_tsmc_cl013g_rvt_ss_1p08v_125c is not in the min library list.
**WARN: (SOCCTE-289):	set_driving_cell :  Use the cell in library scmetro_tsmc_cl013g_rvt_ss_1p08v_125c.
**WARN: (SOCCTE-286):	Library scmetro_tsmc_cl013g_rvt_ss_1p08v_125c is not in the min library list.
**WARN: (SOCCTE-289):	set_driving_cell :  Use the cell in library scmetro_tsmc_cl013g_rvt_ss_1p08v_125c.
**WARN: (SOCCTE-286):	Library scmetro_tsmc_cl013g_rvt_ss_1p08v_125c is not in the min library list.
**WARN: (SOCCTE-289):	set_driving_cell :  Use the cell in library scmetro_tsmc_cl013g_rvt_ss_1p08v_125c.
**WARN: (SOCCTE-286):	Library scmetro_tsmc_cl013g_rvt_ss_1p08v_125c is not in the min library list.
**WARN: (SOCCTE-289):	set_driving_cell :  Use the cell in library scmetro_tsmc_cl013g_rvt_ss_1p08v_125c.
**WARN: (SOCCTE-286):	Library scmetro_tsmc_cl013g_rvt_ss_1p08v_125c is not in the min library list.
**WARN: (SOCCTE-289):	set_driving_cell :  Use the cell in library scmetro_tsmc_cl013g_rvt_ss_1p08v_125c.
**WARN: (EMS-27):	Message (SOCCTE-286) has exceeded the current message display limit of 20.
To increase the message display limit, refer to the product command reference manual.
**WARN: (EMS-27):	Message (SOCCTE-289) has exceeded the current message display limit of 20.
To increase the message display limit, refer to the product command reference manual.
**WARN: (TCLCMD-1068):	One or more of the target pins given with create_clock/create_generated_clock for clock 'ALU_CLK' are hierarchical pins. Tool has mapped these hierarchical pins to their respective flat pin(s). 'report_clocks -clocks' can be used to know the mapped flat pins for given clock. (File ../DFT/sdc/SYS_TOP_capture.sdc, Line 46).

**WARN: (TCLCMD-1068):	One or more of the target pins given with create_clock/create_generated_clock for clock 'RX_CLK' are hierarchical pins. Tool has mapped these hierarchical pins to their respective flat pin(s). 'report_clocks -clocks' can be used to know the mapped flat pins for given clock. (File ../DFT/sdc/SYS_TOP_capture.sdc, Line 49).

**WARN: (TCLCMD-1068):	One or more of the target pins given with create_clock/create_generated_clock for clock 'TX_CLK' are hierarchical pins. Tool has mapped these hierarchical pins to their respective flat pin(s). 'report_clocks -clocks' can be used to know the mapped flat pins for given clock. (File ../DFT/sdc/SYS_TOP_capture.sdc, Line 52).

INFO (CTE): read_dc_script finished with  4 WARNING
WARNING (CTE-25): Line: 8 of File ../DFT/sdc/SYS_TOP_capture.sdc : Skipped unsupported command: set_units


CTE reading timing constraint file '../DFT/sdc/SYS_TOP_scan.sdc' ...
**WARN: (TCLCMD-1014):	The SDC set_operating_conditions assertion is not supported. Please use the create_delay_corner command to specify the desired operating enviroment. Use the setAnalysisMode command to control single vs. bestCase/worstCase vs. on-chip variation timing analysis. (File ../DFT/sdc/SYS_TOP_scan.sdc, Line 9).

**WARN: (TCLCMD-1068):	One or more of the target pins given with create_clock/create_generated_clock for clock 'ALU_CLK' are hierarchical pins. Tool has mapped these hierarchical pins to their respective flat pin(s). 'report_clocks -clocks' can be used to know the mapped flat pins for given clock. (File ../DFT/sdc/SYS_TOP_scan.sdc, Line 46).

**WARN: (TCLCMD-1068):	One or more of the target pins given with create_clock/create_generated_clock for clock 'RX_CLK' are hierarchical pins. Tool has mapped these hierarchical pins to their respective flat pin(s). 'report_clocks -clocks' can be used to know the mapped flat pins for given clock. (File ../DFT/sdc/SYS_TOP_scan.sdc, Line 49).

**WARN: (TCLCMD-1068):	One or more of the target pins given with create_clock/create_generated_clock for clock 'TX_CLK' are hierarchical pins. Tool has mapped these hierarchical pins to their respective flat pin(s). 'report_clocks -clocks' can be used to know the mapped flat pins for given clock. (File ../DFT/sdc/SYS_TOP_scan.sdc, Line 52).

INFO (CTE): read_dc_script finished with  4 WARNING
WARNING (CTE-25): Line: 8 of File ../DFT/sdc/SYS_TOP_scan.sdc : Skipped unsupported command: set_units


CTE reading timing constraint file '../DFT/sdc/SYS_TOP_func.sdc' ...
**WARN: (TCLCMD-1014):	The SDC set_operating_conditions assertion is not supported. Please use the create_delay_corner command to specify the desired operating enviroment. Use the setAnalysisMode command to control single vs. bestCase/worstCase vs. on-chip variation timing analysis. (File ../DFT/sdc/SYS_TOP_func.sdc, Line 9).

**WARN: (TCLCMD-1068):	One or more of the target pins given with create_clock/create_generated_clock for clock 'ALU_CLK' are hierarchical pins. Tool has mapped these hierarchical pins to their respective flat pin(s). 'report_clocks -clocks' can be used to know the mapped flat pins for given clock. (File ../DFT/sdc/SYS_TOP_func.sdc, Line 46).

**WARN: (TCLCMD-1068):	One or more of the target pins given with create_clock/create_generated_clock for clock 'RX_CLK' are hierarchical pins. Tool has mapped these hierarchical pins to their respective flat pin(s). 'report_clocks -clocks' can be used to know the mapped flat pins for given clock. (File ../DFT/sdc/SYS_TOP_func.sdc, Line 49).

**WARN: (TCLCMD-1068):	One or more of the target pins given with create_clock/create_generated_clock for clock 'TX_CLK' are hierarchical pins. Tool has mapped these hierarchical pins to their respective flat pin(s). 'report_clocks -clocks' can be used to know the mapped flat pins for given clock. (File ../DFT/sdc/SYS_TOP_func.sdc, Line 52).

INFO (CTE): read_dc_script finished with  4 WARNING
WARNING (CTE-25): Line: 8 of File ../DFT/sdc/SYS_TOP_func.sdc : Skipped unsupported command: set_units


CTE reading timing constraint file '../DFT/sdc/SYS_TOP_capture.sdc' ...
**WARN: (TCLCMD-1014):	The SDC set_operating_conditions assertion is not supported. Please use the create_delay_corner command to specify the desired operating enviroment. Use the setAnalysisMode command to control single vs. bestCase/worstCase vs. on-chip variation timing analysis. (File ../DFT/sdc/SYS_TOP_capture.sdc, Line 9).

**WARN: (TCLCMD-1068):	One or more of the target pins given with create_clock/create_generated_clock for clock 'ALU_CLK' are hierarchical pins. Tool has mapped these hierarchical pins to their respective flat pin(s). 'report_clocks -clocks' can be used to know the mapped flat pins for given clock. (File ../DFT/sdc/SYS_TOP_capture.sdc, Line 46).

**WARN: (TCLCMD-1068):	One or more of the target pins given with create_clock/create_generated_clock for clock 'RX_CLK' are hierarchical pins. Tool has mapped these hierarchical pins to their respective flat pin(s). 'report_clocks -clocks' can be used to know the mapped flat pins for given clock. (File ../DFT/sdc/SYS_TOP_capture.sdc, Line 49).

**WARN: (TCLCMD-1068):	One or more of the target pins given with create_clock/create_generated_clock for clock 'TX_CLK' are hierarchical pins. Tool has mapped these hierarchical pins to their respective flat pin(s). 'report_clocks -clocks' can be used to know the mapped flat pins for given clock. (File ../DFT/sdc/SYS_TOP_capture.sdc, Line 52).

INFO (CTE): read_dc_script finished with  4 WARNING
WARNING (CTE-25): Line: 8 of File ../DFT/sdc/SYS_TOP_capture.sdc : Skipped unsupported command: set_units


CTE reading timing constraint file '../DFT/sdc/SYS_TOP_scan.sdc' ...
**WARN: (TCLCMD-1014):	The SDC set_operating_conditions assertion is not supported. Please use the create_delay_corner command to specify the desired operating enviroment. Use the setAnalysisMode command to control single vs. bestCase/worstCase vs. on-chip variation timing analysis. (File ../DFT/sdc/SYS_TOP_scan.sdc, Line 9).

**WARN: (TCLCMD-1068):	One or more of the target pins given with create_clock/create_generated_clock for clock 'ALU_CLK' are hierarchical pins. Tool has mapped these hierarchical pins to their respective flat pin(s). 'report_clocks -clocks' can be used to know the mapped flat pins for given clock. (File ../DFT/sdc/SYS_TOP_scan.sdc, Line 46).

**WARN: (TCLCMD-1068):	One or more of the target pins given with create_clock/create_generated_clock for clock 'RX_CLK' are hierarchical pins. Tool has mapped these hierarchical pins to their respective flat pin(s). 'report_clocks -clocks' can be used to know the mapped flat pins for given clock. (File ../DFT/sdc/SYS_TOP_scan.sdc, Line 49).

**WARN: (TCLCMD-1068):	One or more of the target pins given with create_clock/create_generated_clock for clock 'TX_CLK' are hierarchical pins. Tool has mapped these hierarchical pins to their respective flat pin(s). 'report_clocks -clocks' can be used to know the mapped flat pins for given clock. (File ../DFT/sdc/SYS_TOP_scan.sdc, Line 52).

INFO (CTE): read_dc_script finished with  4 WARNING
WARNING (CTE-25): Line: 8 of File ../DFT/sdc/SYS_TOP_scan.sdc : Skipped unsupported command: set_units


Total number of combinational cells: 433
Total number of sequential cells: 174
Total number of tristate cells: 10
Total number of level shifter cells: 0
Total number of power gating cells: 0
Total number of isolation cells: 0
Total number of power switch cells: 0
Total number of pulse generator cells: 0
Total number of always on buffers: 0
Total number of retention cells: 0
List of usable buffers: BUFX10M BUFX12M BUFX14M BUFX16M BUFX18M BUFX20M BUFX24M BUFX2M BUFX32M BUFX3M BUFX4M BUFX5M BUFX6M BUFX8M CLKBUFX12M CLKBUFX16M CLKBUFX1M CLKBUFX20M CLKBUFX24M CLKBUFX2M CLKBUFX32M CLKBUFX3M CLKBUFX40M CLKBUFX4M CLKBUFX6M CLKBUFX8M
Total number of usable buffers: 26
List of unusable buffers:
Total number of unusable buffers: 0
List of usable inverters: CLKINVX12M CLKINVX16M CLKINVX1M CLKINVX20M CLKINVX24M CLKINVX2M CLKINVX32M CLKINVX3M CLKINVX40M CLKINVX4M CLKINVX6M CLKINVX8M INVX10M INVX12M INVX14M INVX16M INVX18M INVX1M INVX20M INVX24M INVX2M INVX32M INVX3M INVX4M INVX5M INVX6M INVX8M INVXLM
Total number of usable inverters: 28
List of unusable inverters:
Total number of unusable inverters: 0
List of identified usable delay cells: DLY1X1M DLY1X4M DLY2X1M DLY2X4M DLY3X1M DLY3X4M DLY4X1M DLY4X4M
Total number of identified usable delay cells: 8
List of identified unusable delay cells:
Total number of identified unusable delay cells: 0
<CMD> floorPlan -d 240.47 160.47 6.0 6.0 6.0 6.0
Adjusting Core to Left to: 6.1500. Core to Bottom to: 6.1500.
<CMD> addRing -spacing_bottom 0.5 -width_left 1 -width_bottom 1 -width_top 1 -spacing_top 0.5 -layer_bottom METAL5 -center 1 -stacked_via_top_layer METAL7 -width_right 1 -around core -jog_distance 0.205 -offset_bottom 0.205 -layer_top METAL5 -threshold 0.205 -offset_left 0.205 -spacing_right 0.5 -spacing_left 0.5 -offset_right 0.205 -offset_top 0.205 -layer_right METAL6 -nets {VSS VDD } -stacked_via_bottom_layer METAL1 -layer_left METAL6


The power planner created 8 wires.

<CMD> addRing -spacing_bottom 0.5 -width_left 1 -width_bottom 1 -width_top 1 -spacing_top 0.5 -layer_bottom METAL5 -center 1 -stacked_via_top_layer METAL7 -width_right 1 -around core -jog_distance 0.205 -offset_bottom 0.205 -layer_top METAL5 -threshold 0.205 -offset_left 0.205 -spacing_right 0.5 -spacing_left 0.5 -offset_right 0.205 -offset_top 0.205 -layer_right METAL6 -nets {VSS VDD } -stacked_via_bottom_layer METAL1 -layer_left METAL6



<CMD> addStripe -block_ring_top_layer_limit METAL6 -max_same_layer_jog_length 0.8 -padcore_ring_bottom_layer_limit METAL4 -set_to_set_distance 40 -stacked_via_top_layer METAL7 -padcore_ring_top_layer_limit METAL6 -spacing 0.5 -merge_stripes_value 0.205 -direction horizontal -layer METAL5 -block_ring_bottom_layer_limit METAL4 -width 1 -nets {VSS VDD } -stacked_via_bottom_layer METAL1
**WARN: (SOCPP-2008):	AddStripe option -remove_floating_stripe_over_block is ON so all fragmented stripes within a block will be removed.
  To turn OFF, setAddStripeOption -remove_floating_stripe_over_block 0.

Starting stripe generation ...
Stripe generation is complete.

The power planner created 8 wires.

<CMD> selectWire 1.8250 7.6500 238.5400 8.6500 5 VDD
<CMD> deleteSelectedFromFPlan
<CMD> selectWire 3.3250 6.1500 237.0400 7.1500 5 VSS
<CMD> deleteSelectedFromFPlan
<CMD> selectWire 3.3250 46.1500 237.0400 47.1500 5 VSS
<CMD> deleteSelectedFromFPlan
<CMD> selectWire 1.8250 47.6500 238.5400 48.6500 5 VDD
<CMD> deleteSelectedFromFPlan
<CMD> selectWire 1.8250 87.6500 238.5400 88.6500 5 VDD
<CMD> deleteSelectedFromFPlan
<CMD> deleteSelectedFromFPlan
**ERROR: (SOCSYT-6000):	No Object Selected.
<CMD> selectWire 3.3250 86.1500 237.0400 87.1500 5 VSS
<CMD> deleteSelectedFromFPlan
<CMD> deleteSelectedFromFPlan
<CMD> selectWire 3.3250 126.1500 237.0400 127.1500 5 VSS
<CMD> deleteSelectedFromFPlan
**ERROR: (SOCSYT-6000):	No Object Selected.
<CMD> selectWire 1.8250 127.6500 238.5400 128.6500 5 VDD
<CMD> deleteSelectedFromFPlan
<CMD> addStripe -block_ring_top_layer_limit METAL7 -max_same_layer_jog_length 0.8 -padcore_ring_bottom_layer_limit METAL5 -set_to_set_distance 40 -stacked_via_top_layer METAL7 -padcore_ring_top_layer_limit METAL7 -spacing 0.5 -merge_stripes_value 0.205 -layer METAL6 -block_ring_bottom_layer_limit METAL5 -width 1 -nets {VSS VDD } -stacked_via_bottom_layer METAL1
**WARN: (SOCPP-2008):	AddStripe option -remove_floating_stripe_over_block is ON so all fragmented stripes within a block will be removed.
  To turn OFF, setAddStripeOption -remove_floating_stripe_over_block 0.

Starting stripe generation ...
Stripe generation is complete.

The power planner created 12 wires.

<CMD> addStripe -block_ring_top_layer_limit METAL7 -max_same_layer_jog_length 0.8 -padcore_ring_bottom_layer_limit METAL5 -set_to_set_distance 40 -stacked_via_top_layer METAL7 -padcore_ring_top_layer_limit METAL7 -spacing 0.5 -merge_stripes_value 0.205 -layer METAL6 -block_ring_bottom_layer_limit METAL5 -width 1 -nets {VSS VDD } -stacked_via_bottom_layer METAL1
**WARN: (SOCPP-2008):	AddStripe option -remove_floating_stripe_over_block is ON so all fragmented stripes within a block will be removed.
  To turn OFF, setAddStripeOption -remove_floating_stripe_over_block 0.

Starting stripe generation ...
Stripe generation is complete.
**WARN: (SOCPP-170):	The power planner failed to create a wire at (6.65, 3.33) (6.65, 156.25).
**WARN: (SOCPP-170):	The power planner failed to create a wire at (46.65, 3.33) (46.65, 156.25).
**WARN: (SOCPP-170):	The power planner failed to create a wire at (86.65, 3.33) (86.65, 156.25).
**WARN: (SOCPP-170):	The power planner failed to create a wire at (126.65, 3.33) (126.65, 156.25).
**WARN: (SOCPP-170):	The power planner failed to create a wire at (166.65, 3.33) (166.65, 156.25).
**WARN: (SOCPP-170):	The power planner failed to create a wire at (206.65, 3.33) (206.65, 156.25).
**WARN: (SOCPP-170):	The power planner failed to create a wire at (8.15, 1.82) (8.15, 157.75).
**WARN: (SOCPP-170):	The power planner failed to create a wire at (48.15, 1.82) (48.15, 157.75).
**WARN: (SOCPP-170):	The power planner failed to create a wire at (88.15, 1.82) (88.15, 157.75).
**WARN: (SOCPP-170):	The power planner failed to create a wire at (128.15, 1.82) (128.15, 157.75).
**WARN: (SOCPP-170):	The power planner failed to create a wire at (168.15, 1.82) (168.15, 157.75).
**WARN: (SOCPP-170):	The power planner failed to create a wire at (208.15, 1.82) (208.15, 157.75).


<CMD> zoomBox -29.297 85.580 30.412 48.556
<CMD> selectWire 7.6500 1.8250 8.6500 157.7450 6 VDD
<CMD> deleteSelectedFromFPlan
<CMD> selectWire 6.1500 3.3250 7.1500 156.2450 6 VSS
<CMD> deleteSelectedFromFPlan
<CMD> verifyGeometry -noMinArea
 *** Starting Verify Geometry (MEM: 306.5) ***

  VERIFY GEOMETRY ...... Starting Verification
  VERIFY GEOMETRY ...... Initializing
  VERIFY GEOMETRY ...... Deleting Existing Violations
  VERIFY GEOMETRY ...... Creating Sub-Areas
                  ...... bin size: 8000
  VERIFY GEOMETRY ...... SubArea : 1 of 1
  VERIFY GEOMETRY ...... Cells          :  0 Viols.
  VERIFY GEOMETRY ...... SameNet        :  0 Viols.
  VERIFY GEOMETRY ...... Wiring         :  0 Viols.
  VERIFY GEOMETRY ...... Antenna        :  0 Viols.
  VERIFY GEOMETRY ...... Sub-Area : 1 complete 0 Viols. 0 Wrngs.
VG: elapsed time: 0.00
Begin Summary ...
  Cells       : 0
  SameNet     : 0
  Wiring      : 0
  Antenna     : 0
  Short       : 0
  Overlap     : 0
End Summary

  Verification Complete : 0 Viols.  0 Wrngs.

**********End: VERIFY GEOMETRY**********
 *** verify geometry (CPU: 0:00:00.3  MEM: 1.0M)

<CMD> verifyConnectivity -type all -noAntenna -error 1000 -warning 50

******** Start: VERIFY CONNECTIVITY ********
Start Time: Tue Oct  6 17:49:25 2026

Design Name: SYS_TOP
Database Units: 2000
Design Boundary: (0.0000, 0.0000) (240.4700, 160.4700)
Error Limit = 1000; Warning Limit = 50
Check all nets
Net SO[3]: Found a geometry with bounding box (240.47,80.00) (240.67,80.20) outside design boundary.
Violations for such geometries will be reported.

Begin Summary 
  Found no problems or warnings.
End Summary

End Time: Tue Oct  6 17:49:25 2026
******** End: VERIFY CONNECTIVITY ********
  Verification Complete : 0 Viols.  0 Wrngs.
  (CPU Time: 0:00:00.0  MEM: 0.000M)

<CMD> sroute -connect { blockPin padPin padRing corePin floatingStripe } -layerChangeRange { 1 7 } -blockPinTarget { nearestRingStripe nearestTarget } -padPinPortConnect { allPort oneGeom } -checkAlignedSecondaryPin 1 -blockPin useLef -allowJogging 1 -crossoverViaBottomLayer 1 -allowLayerChange 1 -targetViaTopLayer 7 -crossoverViaTopLayer 7 -targetViaBottomLayer 1 -nets { VSS VDD }
No routing obstructions were found in the design.
*** Begin SPECIAL ROUTE on Tue Oct  6 17:49:48 2026 ***
Sroute/fcroute version 8.1.45 promoted on 09/01/2008.
SPECIAL ROUTE ran on directory: /home/ahesham/Projects/System_pnr/pnr
SPECIAL ROUTE ran on machine: localhost.localdomain (Linux 2.6.32-431.29.2.el6.x86_64 x86_64 2.30Ghz)

Begin option processing ...
(from .sroute_7300.conf) srouteConnectPowerBump set to false
(from .sroute_7300.conf) routeSelectNet set to "VSS VDD"
(from .sroute_7300.conf) routeSpecial set to true
(from .sroute_7300.conf) srouteCrossoverViaTopLayer set to 7
(from .sroute_7300.conf) srouteFollowCorePinEnd set to 3
(from .sroute_7300.conf) srouteFollowPadPin set to true
(from .sroute_7300.conf) srouteJogControl set to "preferWithChanges differentLayer"
(from .sroute_7300.conf) sroutePadPinAllPorts set to true
(from .sroute_7300.conf) sroutePreserveExistingRoutes set to true
(from .sroute_7300.conf) srouteTopLayerLimit set to 7
(from .sroute_7300.conf) srouteTopTargetLayerLimit set to 7
End option processing: cpu: 0:00:00, real: 0:00:00, peak: 485.00 megs.

Reading LEF technology information...
Reading floorplan and netlist information...
**WARN: (SOCSR-2508):	Illegal pin orientation. "N" is assumed.
**WARN: (SOCSR-2508):	Illegal pin orientation. "N" is assumed.
**WARN: (SOCSR-2508):	Illegal pin orientation. "N" is assumed.
**WARN: (SOCSR-2508):	Illegal pin orientation. "N" is assumed.
**WARN: (SOCSR-2508):	Illegal pin orientation. "N" is assumed.
**WARN: (SOCSR-2508):	Illegal pin orientation. "N" is assumed.
**WARN: (SOCSR-2508):	Illegal pin orientation. "N" is assumed.
Finished reading floorplan and netlist information.
   **WARN: CORE MACRO SYS_TOP has no site specification
   A total of 1 warning.
Read in 15 layers, 7 routing layers, 1 overlap layer
Read in 633 macros, 144 used
Read in 143 components
  143 core components: 143 unplaced, 0 placed, 0 fixed
Read in 19 physical pins
  19 physical pins: 0 unplaced, 0 placed, 19 fixed
Read in 19 nets
Read in 2 special nets, 2 routed
Read in 19 terminals
2 nets selected.

Begin power routing ...
**WARN: (SOCSR-1253):	Net VDD does not have standard cells to be routed. Please check net list.
**WARN: (SOCSR-1254):	Net VDD does not have block pins to be routed. Please check net list.
**WARN: (SOCSR-1255):	Net VDD does not have pad pins to create pad ring. Please check net list or port class. (must NOT be CORE class and must not be AREAIO subclass). 
**WARN: (SOCSR-1256):	Net VDD does not have CORE class pad pins to be routed.
	Please check net list or port class.
Net VDD does not have AREAIO class pad pins to be routed.
	Please check net list or port class.
**WARN: (SOCSR-1253):	Net VSS does not have standard cells to be routed. Please check net list.
**WARN: (SOCSR-1254):	Net VSS does not have block pins to be routed. Please check net list.
**WARN: (SOCSR-1255):	Net VSS does not have pad pins to create pad ring. Please check net list or port class. (must NOT be CORE class and must not be AREAIO subclass). 
**WARN: (SOCSR-1256):	Net VSS does not have CORE class pad pins to be routed.
	Please check net list or port class.
Net VSS does not have AREAIO class pad pins to be routed.
	Please check net list or port class.
**WARN: (SOCSR-468):	No core cells defined in COMPONENTS section
 and/or   No core cells defined in SPECIALNETS VDD
**WARN: (SOCSR-468):	No core cells defined in COMPONENTS section
 and/or   No core cells defined in SPECIALNETS VDD
CPU time for FollowPin 0 seconds
**WARN: (SOCSR-468):	No core cells defined in COMPONENTS section
 and/or   No core cells defined in SPECIALNETS VSS
**WARN: (SOCSR-468):	No core cells defined in COMPONENTS section
 and/or   No core cells defined in SPECIALNETS VSS
CPU time for FollowPin 0 seconds
  Number of IO ports routed: 0
  Number of Block ports routed: 0
  Number of Stripe ports routed: 0
  Number of Core ports routed: 104
  Number of Pad ports routed: 0
  Number of Power Bump ports routed: 0
  Number of Followpin connections: 52
End power routing: cpu: 0:00:00, real: 0:00:00, peak: 495.00 megs.



 Begin updating DB with routing results ...
 Updating DB with 19 io pins ...
 Updating DB with 64 via definition ...Extracting standard cell pins and blockage ...... 
Pin and blockage extraction finished


sroute post-processing starts at Tue Oct  6 17:49:48 2026
The viaGen is rebuilding shadow vias for net VSS.
sroute post-processing ends at Tue Oct  6 17:49:48 2026

sroute post-processing starts at Tue Oct  6 17:49:48 2026
The viaGen is rebuilding shadow vias for net VDD.
sroute post-processing ends at Tue Oct  6 17:49:48 2026


sroute: Total CPU time used = 0:0:0
sroute: Total Real time used = 0:0:0
sroute: Total Memory used = 8.95 megs
sroute: Total Peak Memory used = 317.76 megs
<CMD> sroute -connect { blockPin padPin padRing corePin floatingStripe } -layerChangeRange { 1 7 } -blockPinTarget { nearestRingStripe nearestTarget } -padPinPortConnect { allPort oneGeom } -checkAlignedSecondaryPin 1 -blockPin useLef -allowJogging 1 -crossoverViaBottomLayer 1 -allowLayerChange 1 -targetViaTopLayer 7 -crossoverViaTopLayer 7 -targetViaBottomLayer 1 -nets { VSS VDD }
No routing obstructions were found in the design.
*** Begin SPECIAL ROUTE on Tue Oct  6 17:49:49 2026 ***
Sroute/fcroute version 8.1.45 promoted on 09/01/2008.
SPECIAL ROUTE ran on directory: /home/ahesham/Projects/System_pnr/pnr
SPECIAL ROUTE ran on machine: localhost.localdomain (Linux 2.6.32-431.29.2.el6.x86_64 x86_64 2.30Ghz)

Begin option processing ...
(from .sroute_7300.conf) srouteConnectPowerBump set to false
(from .sroute_7300.conf) routeSelectNet set to "VSS VDD"
(from .sroute_7300.conf) routeSpecial set to true
(from .sroute_7300.conf) srouteCrossoverViaTopLayer set to 7
(from .sroute_7300.conf) srouteFollowCorePinEnd set to 3
(from .sroute_7300.conf) srouteFollowPadPin set to true
(from .sroute_7300.conf) srouteJogControl set to "preferWithChanges differentLayer"
(from .sroute_7300.conf) sroutePadPinAllPorts set to true
(from .sroute_7300.conf) sroutePreserveExistingRoutes set to true
(from .sroute_7300.conf) srouteTopLayerLimit set to 7
(from .sroute_7300.conf) srouteTopTargetLayerLimit set to 7
End option processing: cpu: 0:00:00, real: 0:00:00, peak: 495.00 megs.

Reading LEF technology information...
Reading floorplan and netlist information...
Finished reading floorplan and netlist information.
   **WARN: CORE MACRO SYS_TOP has no site specification
   A total of 1 warning.
Read in 15 layers, 7 routing layers, 1 overlap layer
Read in 633 macros, 144 used
Read in 143 components
  143 core components: 143 unplaced, 0 placed, 0 fixed
Read in 19 physical pins
  19 physical pins: 0 unplaced, 0 placed, 19 fixed
Read in 19 nets
Read in 2 special nets, 2 routed
Read in 19 terminals
2 nets selected.

Begin power routing ...
**WARN: (SOCSR-1253):	Net VDD does not have standard cells to be routed. Please check net list.
**WARN: (SOCSR-1254):	Net VDD does not have block pins to be routed. Please check net list.
**WARN: (SOCSR-1255):	Net VDD does not have pad pins to create pad ring. Please check net list or port class. (must NOT be CORE class and must not be AREAIO subclass). 
**WARN: (SOCSR-1256):	Net VDD does not have CORE class pad pins to be routed.
	Please check net list or port class.
Net VDD does not have AREAIO class pad pins to be routed.
	Please check net list or port class.
**WARN: (SOCSR-1253):	Net VSS does not have standard cells to be routed. Please check net list.
**WARN: (SOCSR-1254):	Net VSS does not have block pins to be routed. Please check net list.
**WARN: (SOCSR-1255):	Net VSS does not have pad pins to create pad ring. Please check net list or port class. (must NOT be CORE class and must not be AREAIO subclass). 
**WARN: (SOCSR-1256):	Net VSS does not have CORE class pad pins to be routed.
	Please check net list or port class.
Net VSS does not have AREAIO class pad pins to be routed.
	Please check net list or port class.
**WARN: (SOCSR-468):	No core cells defined in COMPONENTS section
 and/or   No core cells defined in SPECIALNETS VDD
**WARN: (SOCSR-468):	No core cells defined in COMPONENTS section
 and/or   No core cells defined in SPECIALNETS VDD
CPU time for FollowPin 0 seconds
**WARN: (SOCSR-468):	No core cells defined in COMPONENTS section
 and/or   No core cells defined in SPECIALNETS VSS
**WARN: (SOCSR-468):	No core cells defined in COMPONENTS section
 and/or   No core cells defined in SPECIALNETS VSS
CPU time for FollowPin 0 seconds
  Number of IO ports routed: 0
  Number of Block ports routed: 0
  Number of Stripe ports routed: 0
  Number of Core ports routed: 0
  Number of Pad ports routed: 0
  Number of Power Bump ports routed: 0
End power routing: cpu: 0:00:00, real: 0:00:00, peak: 495.00 megs.



 Begin updating DB with routing results ...
 Updating DB with 19 io pins ...
 Updating DB with 64 via definition ...


sroute: Total CPU time used = 0:0:0
sroute: Total Real time used = 0:0:1
sroute: Total Memory used = 0.05 megs
sroute: Total Peak Memory used = 317.80 megs
<CMD> verifyGeometry -noMinArea
 *** Starting Verify Geometry (MEM: 317.8) ***

  VERIFY GEOMETRY ...... Starting Verification
  VERIFY GEOMETRY ...... Initializing
  VERIFY GEOMETRY ...... Deleting Existing Violations
  VERIFY GEOMETRY ...... Creating Sub-Areas
                  ...... bin size: 8000
  VERIFY GEOMETRY ...... SubArea : 1 of 1
  VERIFY GEOMETRY ...... Cells          :  0 Viols.
  VERIFY GEOMETRY ...... SameNet        :  0 Viols.
  VERIFY GEOMETRY ...... Wiring         :  0 Viols.
  VERIFY GEOMETRY ...... Antenna        :  0 Viols.
  VERIFY GEOMETRY ...... Sub-Area : 1 complete 0 Viols. 0 Wrngs.
VG: elapsed time: 0.00
Begin Summary ...
  Cells       : 0
  SameNet     : 0
  Wiring      : 0
  Antenna     : 0
  Short       : 0
  Overlap     : 0
End Summary

  Verification Complete : 0 Viols.  0 Wrngs.

**********End: VERIFY GEOMETRY**********
 *** verify geometry (CPU: 0:00:00.2  MEM: 0.0M)

<CMD> verifyConnectivity -type all -noAntenna -error 1000 -warning 50

******** Start: VERIFY CONNECTIVITY ********
Start Time: Tue Oct  6 17:50:07 2026

Design Name: SYS_TOP
Database Units: 2000
Design Boundary: (0.0000, 0.0000) (240.4700, 160.4700)
Error Limit = 1000; Warning Limit = 50
Check all nets
Net SI[3]: Found a geometry with bounding box (-0.10,120.10) (0.10,120.30) outside design boundary.
Violations for such geometries will be reported.

Begin Summary 
  Found no problems or warnings.
End Summary

End Time: Tue Oct  6 17:50:07 2026
******** End: VERIFY CONNECTIVITY ********
  Verification Complete : 0 Viols.  0 Wrngs.
  (CPU Time: 0:00:00.0  MEM: 0.000M)

<CMD> setDrawView fplan
<CMD> zoomBox -6.873 164.322 274.719 142.420
<CMD> zoomBox -4.632 164.017 256.469 145.286
<CMD_INTERNAL> uiSetTool obstruct
<CMD> createObstruct 1.751 152.648 238.211 157.546
<CMD> saveFPlan /home/ahesham/Projects/System_pnr/pnr/SYS_TOP_power.fp
<CMD> getIoFlowFlag
<CMD> placeDesign -inPlaceOpt -prePlaceOpt
*** Starting placeDesign concurrent flow ***
*** Start deleteBufferTree ***
Info: Detect buffers to remove automatically.
Analyzing netlist ...
Updating netlist
*summary: 168 instances (buffers/inverters) removed
*** Finish deleteBufferTree (0:00:00.1) ***
*** Starting "NanoPlace(TM) placement v0.845 (mem=317.8M)" ...
*** Build Buffered Sizing Timing Model (Used Compact Buffer Set) ...(cpu=0:00:02.2 mem=375.4M) ***
*** Build Virtual Sizing Timing Model
(cpu=0:00:02.6 mem=390.5M) ***
Options: timingDriven ignoreScan ignoreSpare pinGuide gpeffort=medium 
**WARN: (SOCDB-2082):	Scan chains were not defined, -ignoreScan option will be ignored. 
Please first define the scan chains before using this option.
**WARN: (SOCCTE-286):	Library scmetro_tsmc_cl013g_rvt_ss_1p08v_125c is not in the min library list.
**WARN: (SOCCTE-289):	set_driving_cell :  Use the cell in library scmetro_tsmc_cl013g_rvt_ss_1p08v_125c.
**WARN: (SOCCTE-286):	Library scmetro_tsmc_cl013g_rvt_ss_1p08v_125c is not in the min library list.
**WARN: (SOCCTE-289):	set_driving_cell :  Use the cell in library scmetro_tsmc_cl013g_rvt_ss_1p08v_125c.
**WARN: (SOCCTE-286):	Library scmetro_tsmc_cl013g_rvt_ss_1p08v_125c is not in the min library list.
**WARN: (SOCCTE-289):	set_driving_cell :  Use the cell in library scmetro_tsmc_cl013g_rvt_ss_1p08v_125c.
**WARN: (SOCCTE-286):	Library scmetro_tsmc_cl013g_rvt_ss_1p08v_125c is not in the min library list.
**WARN: (SOCCTE-289):	set_driving_cell :  Use the cell in library scmetro_tsmc_cl013g_rvt_ss_1p08v_125c.
**WARN: (SOCCTE-286):	Library scmetro_tsmc_cl013g_rvt_ss_1p08v_125c is not in the min library list.
**WARN: (SOCCTE-289):	set_driving_cell :  Use the cell in library scmetro_tsmc_cl013g_rvt_ss_1p08v_125c.
**WARN: (SOCCTE-286):	Library scmetro_tsmc_cl013g_rvt_ss_1p08v_125c is not in the min library list.
**WARN: (SOCCTE-289):	set_driving_cell :  Use the cell in library scmetro_tsmc_cl013g_rvt_ss_1p08v_125c.
**WARN: (SOCCTE-286):	Library scmetro_tsmc_cl013g_rvt_ss_1p08v_125c is not in the min library list.
**WARN: (SOCCTE-289):	set_driving_cell :  Use the cell in library scmetro_tsmc_cl013g_rvt_ss_1p08v_125c.
**WARN: (SOCCTE-286):	Library scmetro_tsmc_cl013g_rvt_ss_1p08v_125c is not in the min library list.
**WARN: (SOCCTE-289):	set_driving_cell :  Use the cell in library scmetro_tsmc_cl013g_rvt_ss_1p08v_125c.
**WARN: (SOCCTE-286):	Library scmetro_tsmc_cl013g_rvt_ss_1p08v_125c is not in the min library list.
**WARN: (SOCCTE-289):	set_driving_cell :  Use the cell in library scmetro_tsmc_cl013g_rvt_ss_1p08v_125c.
**WARN: (SOCCTE-286):	Library scmetro_tsmc_cl013g_rvt_ss_1p08v_125c is not in the min library list.
**WARN: (SOCCTE-289):	set_driving_cell :  Use the cell in library scmetro_tsmc_cl013g_rvt_ss_1p08v_125c.
**WARN: (SOCCTE-286):	Library scmetro_tsmc_cl013g_rvt_ss_1p08v_125c is not in the min library list.
**WARN: (SOCCTE-289):	set_driving_cell :  Use the cell in library scmetro_tsmc_cl013g_rvt_ss_1p08v_125c.
**WARN: (SOCCTE-286):	Library scmetro_tsmc_cl013g_rvt_ss_1p08v_125c is not in the min library list.
**WARN: (SOCCTE-289):	set_driving_cell :  Use the cell in library scmetro_tsmc_cl013g_rvt_ss_1p08v_125c.
**WARN: (SOCCTE-286):	Library scmetro_tsmc_cl013g_rvt_ss_1p08v_125c is not in the min library list.
**WARN: (SOCCTE-289):	set_driving_cell :  Use the cell in library scmetro_tsmc_cl013g_rvt_ss_1p08v_125c.
**WARN: (SOCCTE-286):	Library scmetro_tsmc_cl013g_rvt_ss_1p08v_125c is not in the min library list.
**WARN: (SOCCTE-289):	set_driving_cell :  Use the cell in library scmetro_tsmc_cl013g_rvt_ss_1p08v_125c.
**WARN: (SOCCTE-286):	Library scmetro_tsmc_cl013g_rvt_ss_1p08v_125c is not in the min library list.
**WARN: (SOCCTE-289):	set_driving_cell :  Use the cell in library scmetro_tsmc_cl013g_rvt_ss_1p08v_125c.
**WARN: (SOCCTE-286):	Library scmetro_tsmc_cl013g_rvt_ss_1p08v_125c is not in the min library list.
**WARN: (SOCCTE-289):	set_driving_cell :  Use the cell in library scmetro_tsmc_cl013g_rvt_ss_1p08v_125c.
**WARN: (SOCCTE-286):	Library scmetro_tsmc_cl013g_rvt_ss_1p08v_125c is not in the min library list.
**WARN: (SOCCTE-289):	set_driving_cell :  Use the cell in library scmetro_tsmc_cl013g_rvt_ss_1p08v_125c.
**WARN: (SOCCTE-286):	Library scmetro_tsmc_cl013g_rvt_ss_1p08v_125c is not in the min library list.
**WARN: (SOCCTE-289):	set_driving_cell :  Use the cell in library scmetro_tsmc_cl013g_rvt_ss_1p08v_125c.
**WARN: (SOCCTE-286):	Library scmetro_tsmc_cl013g_rvt_ss_1p08v_125c is not in the min library list.
**WARN: (SOCCTE-289):	set_driving_cell :  Use the cell in library scmetro_tsmc_cl013g_rvt_ss_1p08v_125c.
**WARN: (SOCCTE-286):	Library scmetro_tsmc_cl013g_rvt_ss_1p08v_125c is not in the min library list.
**WARN: (SOCCTE-289):	set_driving_cell :  Use the cell in library scmetro_tsmc_cl013g_rvt_ss_1p08v_125c.
#std cell=2476 #block=0 (0 floating + 0 preplaced) #ioInst=0 #net=2587 #term=9385 #term/net=3.63, #fixedIo=0, #floatIo=0, #fixedPin=19, #floatPin=0
stdCell: 2476 single + 0 double + 0 multi
Total standard cell length = 10.5099 (mm), area = 0.0302 (mm^2)
Average module density = 0.904.
Density for the design = 0.904.
       = stdcell_area 25634 (30164 um^2) / alloc_area 28356 (33367 um^2).
Pin Density = 0.366.
            = total # of pins 9385 / total Instance area 25634.
Identified 4 spare or floating instances, with no clusters.
Iteration  1: Total net bbox = 6.036e+03 (4.67e+03 1.37e+03)
              Est.  stn bbox = 6.036e+03 (4.67e+03 1.37e+03)
              cpu = 0:00:00.0 real = 0:00:00.0 mem = 395.9M
Iteration  2: Total net bbox = 6.036e+03 (4.67e+03 1.37e+03)
              Est.  stn bbox = 6.036e+03 (4.67e+03 1.37e+03)
              cpu = 0:00:00.0 real = 0:00:00.0 mem = 395.9M
Iteration  3: Total net bbox = 6.800e+03 (4.82e+03 1.98e+03)
              Est.  stn bbox = 6.800e+03 (4.82e+03 1.98e+03)
              cpu = 0:00:00.1 real = 0:00:00.0 mem = 396.0M
Iteration  4: Total net bbox = 2.664e+04 (1.49e+04 1.17e+04)
              Est.  stn bbox = 2.664e+04 (1.49e+04 1.17e+04)
              cpu = 0:00:00.4 real = 0:00:01.0 mem = 396.0M
Iteration  5: Total net bbox = 3.479e+04 (1.90e+04 1.58e+04)
              Est.  stn bbox = 3.479e+04 (1.90e+04 1.58e+04)
              cpu = 0:00:00.3 real = 0:00:00.0 mem = 396.0M
Iteration  6: Total net bbox = 3.950e+04 (2.13e+04 1.82e+04)
              Est.  stn bbox = 3.950e+04 (2.13e+04 1.82e+04)
              cpu = 0:00:00.3 real = 0:00:00.0 mem = 396.0M
Iteration  7: Total net bbox = 4.443e+04 (2.59e+04 1.85e+04)
              Est.  stn bbox = 5.332e+04 (3.08e+04 2.25e+04)
              cpu = 0:00:01.2 real = 0:00:01.0 mem = 396.1M
Iteration  8: Total net bbox = 4.443e+04 (2.59e+04 1.85e+04)
              Est.  stn bbox = 5.332e+04 (3.08e+04 2.25e+04)
              cpu = 0:00:00.3 real = 0:00:01.0 mem = 396.1M
Iteration  9: Total net bbox = 4.421e+04 (2.38e+04 2.04e+04)
              Est.  stn bbox = 4.421e+04 (2.38e+04 2.04e+04)
              cpu = 0:00:00.2 real = 0:00:00.0 mem = 396.8M
Iteration 10: Total net bbox = 4.833e+04 (2.77e+04 2.06e+04)
              Est.  stn bbox = 5.745e+04 (3.26e+04 2.48e+04)
              cpu = 0:00:00.6 real = 0:00:00.0 mem = 396.8M
Iteration 11: Total net bbox = 5.283e+04 (3.19e+04 2.09e+04)
              Est.  stn bbox = 6.229e+04 (3.72e+04 2.51e+04)
              cpu = 0:00:00.0 real = 0:00:00.0 mem = 396.8M
*** cost = 5.283e+04 (3.19e+04 2.09e+04) (cpu for global=0:00:02.0) real=0:00:02.0***
Core Placement runtime cpu: 0:00:01.7 real: 0:00:01.0
Starting refinePlace ...
Placement tweakage begins.
wire length = 5.521e+04 = 3.369e+04 H + 2.152e+04 V
wire length = 4.723e+04 = 2.587e+04 H + 2.137e+04 V
Placement tweakage ends.
Statistics of distance of Instance movement in detailed placement:
  maximum (X+Y) =        31.57 um
  inst (TX_FIFO/U0/U244) with max move: (162.36, 126.69) -> (191.06, 129.56)
  mean    (X+Y) =         4.39 um
Total instances flipped : 34
Total instances moved : 2245
*** cpu=0:00:00.0   mem=396.2M  mem(used)=0.0M***
Total net length = 4.727e+04 (2.586e+04 2.141e+04) (ext = 2.074e+03)
*** End of Placement (cpu=0:00:05.2, real=0:00:05.0, mem=396.2M) ***
default core: bins with density >  0.75 =   75 % ( 36 / 48 )
*** Free Virtual Timing Model ...(mem=396.2M)
Starting IO pin assignment...
**WARN: (SOCSP-9025):	No scan chain specified/traced.
setAnalysisMode  -domain allClockDomain -checkType setup -skew true -usefulSkew false -log true -warn true -caseAnalysis true -sequentialConstProp false -moduleIOCstr true -clockPropagation forcedIdeal -clkSrcPath false -timingSelfLoopsNoSkew false -asyncChecks async -useOutputPinCap true -latch true -latchDelayCalIteration 2 -timeBorrowing true -latchFullDelayCal false -clockGatingCheck true -enableMultipleDriveNet true -analysisType bcWc -cppr false -clkNetsMarking beforeConstProp -honorVirtualPartition false -honorClockDomains true
**optDesign ... cpu = 0:00:00, real = 0:00:00, mem = 396.2M **
Added -handlePreroute to trialRouteMode
*** optDesign -preCTS ***
DRC Margin: user margin 0.0; extra margin 0.2
Setup Target Slack: user slack 0.0; extra slack 0.1
Hold Target Slack: user slack 0.0
*info: Setting setup target slack to 0.100
*info: Hold target slack is 0.000
*** CTE mode ***
*** Starting trialRoute (mem=396.2M) ***

There are 0 pin guide points passed to trialRoute.
Options:  -handlePreroute -noPinGuide

Nr of prerouted/Fixed nets = 0
routingBox: (0 0) (480940 320940)
coreBox:    (12300 12300) (468940 308940)
Number of multi-gpin terms=360, multi-gpins=762, moved blk term=0/212

Phase 1a route (0:00:00.0 396.2M):
Est net length = 5.706e+04um = 3.084e+04H + 2.622e+04V
Usage: (16.8%H 19.1%V) = (3.767e+04um 4.849e+04um) = (18290 16895)
Obstruct: 147 = 0 (0.0%H) + 147 (2.3%V)
Overflow: 31 = 0 (0.00% H) + 31 (0.51% V)
Number obstruct path=35 reroute=0

Phase 1b route (0:00:00.0 396.2M):
Usage: (16.8%H 19.1%V) = (3.763e+04um 4.855e+04um) = (18270 16917)
Overflow: 29 = 0 (0.00% H) + 29 (0.48% V)

Phase 1c route (0:00:00.0 396.2M):
Usage: (16.8%H 19.1%V) = (3.752e+04um 4.850e+04um) = (18217 16899)
Overflow: 28 = 0 (0.00% H) + 28 (0.45% V)

Phase 1d route (0:00:00.0 396.2M):
Usage: (16.8%H 19.1%V) = (3.752e+04um 4.850e+04um) = (18217 16899)
Overflow: 28 = 0 (0.00% H) + 28 (0.45% V)

Phase 1e route (0:00:00.0 396.2M):
Usage: (16.8%H 19.1%V) = (3.754e+04um 4.851e+04um) = (18227 16901)
Overflow: 10 = 0 (0.00% H) + 10 (0.16% V)

Phase 1f route (0:00:00.0 396.2M):
Usage: (16.8%H 19.1%V) = (3.755e+04um 4.851e+04um) = (18230 16904)
Overflow: 7 = 0 (0.00% H) + 7 (0.11% V)

Congestion distribution:

Remain	cntH		cntV
--------------------------------------
 -1:	0	 0.00%	7	 0.11%
--------------------------------------
  0:	0	 0.00%	50	 0.81%
  1:	0	 0.00%	33	 0.53%
  2:	0	 0.00%	73	 1.18%
  3:	0	 0.00%	54	 0.87%
  4:	3	 0.05%	53	 0.86%
  5:	3	 0.05%	56	 0.91%
  6:	15	 0.24%	59	 0.96%
  7:	30	 0.47%	83	 1.34%
  8:	56	 0.89%	168	 2.72%
  9:	120	 1.90%	408	 6.60%
 10:	205	 3.24%	620	10.04%
 11:	334	 5.28%	850	13.76%
 12:	549	 8.68%	1066	17.25%
 13:	821	12.98%	988	15.99%
 14:	1052	16.63%	786	12.72%
 15:	1222	19.32%	770	12.46%
 16:	1073	16.96%	16	 0.26%
 17:	568	 8.98%	13	 0.21%
 18:	159	 2.51%	19	 0.31%
 20:	115	 1.82%	6	 0.10%



*** Memory Usage v0.144 (Current mem = 396.168M, initial mem = 62.238M) ***
Phase 1l route (0:00:00.0 396.2M):


*** After '-updateRemainTrks' operation: 

Usage: (17.4%H 19.9%V) = (3.901e+04um 5.048e+04um) = (18941 17589)
Overflow: 28 = 0 (0.00% H) + 28 (0.45% V)

Congestion distribution:

Remain	cntH		cntV
--------------------------------------
 -3:	0	 0.00%	2	 0.03%
 -2:	0	 0.00%	10	 0.16%
 -1:	0	 0.00%	10	 0.16%
--------------------------------------
  0:	0	 0.00%	43	 0.70%
  1:	0	 0.00%	40	 0.65%
  2:	0	 0.00%	68	 1.10%
  3:	0	 0.00%	65	 1.05%
  4:	5	 0.08%	56	 0.91%
  5:	8	 0.13%	59	 0.96%
  6:	20	 0.32%	72	 1.17%
  7:	44	 0.70%	105	 1.70%
  8:	62	 0.98%	189	 3.06%
  9:	137	 2.17%	401	 6.49%
 10:	235	 3.72%	598	 9.68%
 11:	358	 5.66%	815	13.19%
 12:	555	 8.77%	1055	17.08%
 13:	828	13.09%	979	15.85%
 14:	1015	16.05%	785	12.71%
 15:	1213	19.18%	768	12.43%
 16:	1024	16.19%	20	 0.32%
 17:	553	 8.74%	13	 0.21%
 18:	153	 2.42%	19	 0.31%
 20:	115	 1.82%	6	 0.10%



*** Completed Phase 1 route (0:00:00.1 396.2M) ***


Total length: 5.991e+04um, number of vias: 19179
M1(H) length: 7.025e-01um, number of vias: 9366
M2(V) length: 2.198e+04um, number of vias: 8096
M3(H) length: 2.621e+04um, number of vias: 1336
M4(V) length: 7.194e+03um, number of vias: 347
M5(H) length: 4.185e+03um, number of vias: 34
M6(V) length: 3.460e+02um, number of vias: 0
M7(H) length: 0.000e+00um
*** Completed Phase 2 route (0:00:00.0 396.2M) ***

*** Finished all Phases (cpu=0:00:00.1 mem=396.2M) ***
Peak Memory Usage was 396.2M 
*** Finished trialRoute (cpu=0:00:00.1 mem=396.2M) ***

Default RC Extraction called for design SYS_TOP.
RC Extraction called in multi-corner(1) mode.
RCMode: Default
      RC Corner Indexes            0   
Capacitance Scaling Factor   : 1.00000 
Coupling Cap. Scaling Factor : 1.00000 
Resistance Scaling Factor    : 1.00000 
Shrink Factor                : 1.00000
Default RC extraction is honoring NDR/Shielding/ExtraSpace for clock nets.
Using detail cap. scale factor for clock nets.
Initializing multi-corner capacitance tables ... 
Initializing multi-corner resistance tables ...
Default RC Extraction DONE (CPU Time: 0:00:00.0  Real Time: 0:00:00.0  MEM: 396.168M)
************ Recovering area ***************
Calculate delays in BcWc mode...
Topological Sorting (CPU = 0:00:00.0, MEM = 396.2M)
Number of Loop : 0
Start delay calculation (mem=396.168M)...
Delay calculation completed.
(0:00:00.1 396.168M 0)
Calculate delays in BcWc mode...
Topological Sorting (CPU = 0:00:00.0, MEM = 396.2M)
Number of Loop : 0
Start delay calculation (mem=396.168M)...
Delay calculation completed.
(0:00:00.0 396.168M 0)
Calculate delays in BcWc mode...
Topological Sorting (CPU = 0:00:00.0, MEM = 396.2M)
Number of Loop : 0
Start delay calculation (mem=396.168M)...
Delay calculation completed.
(0:00:00.0 396.168M 0)
*** CDM Built up (cpu=0:00:00.3  mem= 396.2M) ***
Info: 12 clock nets excluded from IPO operation.
*** Starting Area Reclaim ***
** Density before area reclaim = 90.401% **

*** starting 1-st reclaim pass: 2095 instances 
*** starting 2-nd reclaim pass: 1021 instances 
*** starting 3-rd reclaim pass: 26 instances 


** Area Reclaim Summary: Buffer Deletion = 0 Declone = 14 Downsize = 213 **
** Density Change = 2.447% **
** Density after area reclaim = 87.953% **
*** Finished Area Reclaim (0:00:01.2) ***
*** Starting sequential cell resizing ***
density before resizing = 87.953%
*summary:      0 instances changed cell type
density after resizing = 87.953%
*** Finish sequential cell resizing (cpu=0:00:00.1 mem=396.2M) ***
*** Starting trialRoute (mem=396.2M) ***

There are 0 pin guide points passed to trialRoute.
Options:  -handlePreroute -keepMarkedOptRoutes -noPinGuide

Nr of prerouted/Fixed nets = 0
routingBox: (0 0) (480940 320940)
coreBox:    (12300 12300) (468940 308940)
Number of multi-gpin terms=220, multi-gpins=445, moved blk term=0/222

Phase 1a route (0:00:00.0 396.2M):
Est net length = 5.707e+04um = 3.098e+04H + 2.609e+04V
Usage: (16.9%H 19.1%V) = (3.787e+04um 4.836e+04um) = (18386 16849)
Obstruct: 147 = 0 (0.0%H) + 147 (2.3%V)
Overflow: 31 = 0 (0.00% H) + 31 (0.50% V)
Number obstruct path=39 reroute=0

Phase 1b route (0:00:00.0 396.2M):
Usage: (16.9%H 19.1%V) = (3.784e+04um 4.842e+04um) = (18371 16871)
Overflow: 29 = 0 (0.00% H) + 29 (0.48% V)

Phase 1c route (0:00:00.0 396.2M):
Usage: (16.9%H 19.1%V) = (3.772e+04um 4.837e+04um) = (18315 16855)
Overflow: 28 = 0 (0.00% H) + 28 (0.45% V)

Phase 1d route (0:00:00.0 396.2M):
Usage: (16.9%H 19.1%V) = (3.772e+04um 4.837e+04um) = (18315 16855)
Overflow: 28 = 0 (0.00% H) + 28 (0.45% V)

Phase 1e route (0:00:00.0 396.2M):
Usage: (16.9%H 19.1%V) = (3.774e+04um 4.838e+04um) = (18325 16857)
Overflow: 10 = 0 (0.00% H) + 10 (0.16% V)

Phase 1f route (0:00:00.0 396.2M):
Usage: (16.9%H 19.1%V) = (3.775e+04um 4.839e+04um) = (18329 16861)
Overflow: 7 = 0 (0.00% H) + 7 (0.11% V)

Congestion distribution:

Remain	cntH		cntV
--------------------------------------
 -1:	0	 0.00%	7	 0.11%
--------------------------------------
  0:	0	 0.00%	50	 0.81%
  1:	0	 0.00%	32	 0.52%
  2:	0	 0.00%	70	 1.13%
  3:	1	 0.02%	56	 0.91%
  4:	3	 0.05%	52	 0.84%
  5:	3	 0.05%	56	 0.91%
  6:	16	 0.25%	64	 1.04%
  7:	30	 0.47%	75	 1.21%
  8:	64	 1.01%	178	 2.88%
  9:	112	 1.77%	417	 6.75%
 10:	200	 3.16%	599	 9.70%
 11:	350	 5.53%	849	13.74%
 12:	534	 8.44%	1079	17.47%
 13:	830	13.12%	960	15.54%
 14:	1072	16.95%	805	13.03%
 15:	1205	19.05%	774	12.53%
 16:	1085	17.15%	17	 0.28%
 17:	552	 8.73%	13	 0.21%
 18:	153	 2.42%	19	 0.31%
 20:	115	 1.82%	6	 0.10%


Using detail cap. scale factor for clock nets.
Initializing multi-corner capacitance tables ... 
Initializing multi-corner resistance tables ...

*** Memory Usage v0.144 (Current mem = 396.168M, initial mem = 62.238M) ***
Phase 1l route (0:00:00.1 396.2M):


*** After '-updateRemainTrks' operation: 

Usage: (17.5%H 19.9%V) = (3.918e+04um 5.039e+04um) = (19021 17557)
Overflow: 24 = 0 (0.00% H) + 24 (0.39% V)

Congestion distribution:

Remain	cntH		cntV
--------------------------------------
 -3:	0	 0.00%	2	 0.03%
 -2:	0	 0.00%	9	 0.15%
 -1:	0	 0.00%	8	 0.13%
--------------------------------------
  0:	0	 0.00%	42	 0.68%
  1:	0	 0.00%	39	 0.63%
  2:	0	 0.00%	74	 1.20%
  3:	1	 0.02%	57	 0.92%
  4:	4	 0.06%	62	 1.00%
  5:	10	 0.16%	56	 0.91%
  6:	24	 0.38%	73	 1.18%
  7:	41	 0.65%	110	 1.78%
  8:	63	 1.00%	201	 3.25%
  9:	140	 2.21%	386	 6.25%
 10:	218	 3.45%	596	 9.65%
 11:	373	 5.90%	816	13.21%
 12:	544	 8.60%	1064	17.22%
 13:	831	13.14%	951	15.39%
 14:	1055	16.68%	800	12.95%
 15:	1179	18.64%	773	12.51%
 16:	1046	16.54%	21	 0.34%
 17:	534	 8.44%	13	 0.21%
 18:	147	 2.32%	19	 0.31%
 20:	115	 1.82%	6	 0.10%



*** Completed Phase 1 route (0:00:00.1 396.2M) ***


Total length: 5.984e+04um, number of vias: 19188
M1(H) length: 2.062e+00um, number of vias: 9336
M2(V) length: 2.167e+04um, number of vias: 8149
M3(H) length: 2.648e+04um, number of vias: 1341
M4(V) length: 7.299e+03um, number of vias: 333
M5(H) length: 4.080e+03um, number of vias: 27
M6(V) length: 2.804e+02um, number of vias: 2
M7(H) length: 2.091e+01um
*** Completed Phase 2 route (0:00:00.0 396.2M) ***

*** Finished all Phases (cpu=0:00:00.2 mem=396.2M) ***
Peak Memory Usage was 396.2M 
*** Finished trialRoute (cpu=0:00:00.2 mem=396.2M) ***

Default RC Extraction called for design SYS_TOP.
RC Extraction called in multi-corner(1) mode.
RCMode: Default
      RC Corner Indexes            0   
Capacitance Scaling Factor   : 1.00000 
Coupling Cap. Scaling Factor : 1.00000 
Resistance Scaling Factor    : 1.00000 
Shrink Factor                : 1.00000
Default RC extraction is honoring NDR/Shielding/ExtraSpace for clock nets.
Using detail cap. scale factor for clock nets.
Initializing multi-corner capacitance tables ... 
Initializing multi-corner resistance tables ...
Default RC Extraction DONE (CPU Time: 0:00:00.0  Real Time: 0:00:00.0  MEM: 396.168M)
Calculate delays in BcWc mode...
Topological Sorting (CPU = 0:00:00.0, MEM = 396.2M)
Number of Loop : 0
Start delay calculation (mem=396.168M)...
Delay calculation completed.
(0:00:00.1 396.168M 0)
Calculate delays in BcWc mode...
Topological Sorting (CPU = 0:00:00.0, MEM = 396.2M)
Number of Loop : 0
Start delay calculation (mem=396.168M)...
Delay calculation completed.
(0:00:00.0 396.168M 0)
Calculate delays in BcWc mode...
Topological Sorting (CPU = 0:00:00.0, MEM = 396.2M)
Number of Loop : 0
Start delay calculation (mem=396.168M)...
Delay calculation completed.
(0:00:00.0 396.168M 0)
*** CDM Built up (cpu=0:00:00.3  mem= 396.2M) ***
**optDesign ... cpu = 0:00:03, real = 0:00:02, mem = 396.2M **
*info: Start fixing DRV (Mem = 396.17M) ...
*info: Options = -maxCap -maxTran -noMaxFanout -sensitivity -backward -reduceBuffer -maxIter 1
*info: Start fixing DRV iteration 1 ...
*** Starting dpFixDRCViolation (396.2M)
*info: 12 clock nets excluded
*info: 2 special nets excluded.
*info: 57 no-driver nets excluded.
*** Starting multi-driver net buffering ***
*summary: 0 non-ignored multi-driver nets.
*** Finished buffering multi-driver nets (CPU=0:00:00.0, MEM=396.2M) ***
*info: There are 80 candidate Buffer cells
*info: There are 80 candidate Inverter cells
Initializing placement sections/sites ...
Density before buffering = 0.879532
Start fixing design rules ... (0:00:00.0 396.2M)
Done fixing design rule (0:00:00.4 396.2M)

Summary:
5 buffers added on 3 nets (with 8 drivers resized)

Density after buffering = 0.881119
*** Completed dpFixDRCViolation (0:00:00.5 396.2M)

*** Starting trialRoute (mem=396.2M) ***

There are 0 pin guide points passed to trialRoute.
Options:  -handlePreroute -keepMarkedOptRoutes -noPinGuide

Nr of prerouted/Fixed nets = 0
routingBox: (0 0) (480940 320940)
coreBox:    (12300 12300) (468940 308940)
Number of multi-gpin terms=223, multi-gpins=451, moved blk term=0/220

Phase 1a route (0:00:00.0 396.2M):
Est net length = 5.706e+04um = 3.096e+04H + 2.610e+04V
Usage: (16.9%H 19.1%V) = (3.785e+04um 4.839e+04um) = (18377 16859)
Obstruct: 147 = 0 (0.0%H) + 147 (2.3%V)
Overflow: 31 = 0 (0.00% H) + 31 (0.50% V)
Number obstruct path=43 reroute=0

Phase 1b route (0:00:00.0 396.2M):
Usage: (16.9%H 19.1%V) = (3.783e+04um 4.845e+04um) = (18366 16880)
Overflow: 29 = 0 (0.00% H) + 29 (0.48% V)

Phase 1c route (0:00:00.0 396.2M):
Usage: (16.9%H 19.1%V) = (3.772e+04um 4.840e+04um) = (18312 16863)
Overflow: 28 = 0 (0.00% H) + 28 (0.45% V)

Phase 1d route (0:00:00.0 396.2M):
Usage: (16.9%H 19.1%V) = (3.772e+04um 4.840e+04um) = (18312 16863)
Overflow: 28 = 0 (0.00% H) + 28 (0.45% V)

Phase 1e route (0:00:00.0 396.2M):
Usage: (16.9%H 19.1%V) = (3.774e+04um 4.840e+04um) = (18322 16865)
Overflow: 10 = 0 (0.00% H) + 10 (0.16% V)

Phase 1f route (0:00:00.0 396.2M):
Usage: (16.9%H 19.1%V) = (3.774e+04um 4.841e+04um) = (18326 16869)
Overflow: 7 = 0 (0.00% H) + 7 (0.11% V)

Congestion distribution:

Remain	cntH		cntV
--------------------------------------
 -1:	0	 0.00%	7	 0.11%
--------------------------------------
  0:	0	 0.00%	51	 0.83%
  1:	0	 0.00%	32	 0.52%
  2:	0	 0.00%	70	 1.13%
  3:	0	 0.00%	56	 0.91%
  4:	3	 0.05%	52	 0.84%
  5:	4	 0.06%	57	 0.92%
  6:	16	 0.25%	61	 0.99%
  7:	28	 0.44%	76	 1.23%
  8:	66	 1.04%	181	 2.93%
  9:	110	 1.74%	416	 6.73%
 10:	206	 3.26%	602	 9.74%
 11:	339	 5.36%	837	13.55%
 12:	545	 8.62%	1082	17.51%
 13:	815	12.89%	968	15.67%
 14:	1081	17.09%	799	12.93%
 15:	1205	19.05%	777	12.58%
 16:	1100	17.39%	16	 0.26%
 17:	543	 8.58%	13	 0.21%
 18:	149	 2.36%	19	 0.31%
 20:	115	 1.82%	6	 0.10%


Using detail cap. scale factor for clock nets.
Initializing multi-corner capacitance tables ... 
Initializing multi-corner resistance tables ...

*** Memory Usage v0.144 (Current mem = 396.168M, initial mem = 62.238M) ***
Phase 1l route (0:00:00.1 396.2M):


*** After '-updateRemainTrks' operation: 

Usage: (17.5%H 19.9%V) = (3.918e+04um 5.040e+04um) = (19024 17561)
Overflow: 25 = 0 (0.00% H) + 25 (0.41% V)

Congestion distribution:

Remain	cntH		cntV
--------------------------------------
 -3:	0	 0.00%	2	 0.03%
 -2:	0	 0.00%	9	 0.15%
 -1:	0	 0.00%	9	 0.15%
--------------------------------------
  0:	0	 0.00%	41	 0.66%
  1:	0	 0.00%	41	 0.66%
  2:	0	 0.00%	75	 1.21%
  3:	1	 0.02%	55	 0.89%
  4:	4	 0.06%	62	 1.00%
  5:	11	 0.17%	59	 0.96%
  6:	21	 0.33%	72	 1.17%
  7:	36	 0.57%	102	 1.65%
  8:	73	 1.15%	203	 3.29%
  9:	138	 2.18%	401	 6.49%
 10:	227	 3.59%	586	 9.49%
 11:	355	 5.61%	801	12.97%
 12:	557	 8.81%	1073	17.37%
 13:	814	12.87%	957	15.49%
 14:	1067	16.87%	796	12.88%
 15:	1177	18.61%	776	12.56%
 16:	1059	16.74%	20	 0.32%
 17:	526	 8.32%	13	 0.21%
 18:	144	 2.28%	19	 0.31%
 20:	115	 1.82%	6	 0.10%



*** Completed Phase 1 route (0:00:00.1 396.2M) ***


Total length: 5.984e+04um, number of vias: 19202
M1(H) length: 2.062e+00um, number of vias: 9346
M2(V) length: 2.166e+04um, number of vias: 8154
M3(H) length: 2.638e+04um, number of vias: 1336
M4(V) length: 7.310e+03um, number of vias: 332
M5(H) length: 4.170e+03um, number of vias: 32
M6(V) length: 2.960e+02um, number of vias: 2
M7(H) length: 1.066e+01um
*** Completed Phase 2 route (0:00:00.0 396.2M) ***

*** Finished all Phases (cpu=0:00:00.1 mem=396.2M) ***
Peak Memory Usage was 396.2M 
*** Finished trialRoute (cpu=0:00:00.2 mem=396.2M) ***

Default RC Extraction called for design SYS_TOP.
RC Extraction called in multi-corner(1) mode.
RCMode: Default
      RC Corner Indexes            0   
Capacitance Scaling Factor   : 1.00000 
Coupling Cap. Scaling Factor : 1.00000 
Resistance Scaling Factor    : 1.00000 
Shrink Factor                : 1.00000
Default RC extraction is honoring NDR/Shielding/ExtraSpace for clock nets.
Using detail cap. scale factor for clock nets.
Initializing multi-corner capacitance tables ... 
Initializing multi-corner resistance tables ...
Default RC Extraction DONE (CPU Time: 0:00:00.0  Real Time: 0:00:00.0  MEM: 396.168M)
Calculate delays in BcWc mode...
Topological Sorting (CPU = 0:00:00.0, MEM = 396.2M)
Number of Loop : 0
Start delay calculation (mem=396.168M)...
Delay calculation completed.
(0:00:00.1 396.168M 0)
Calculate delays in BcWc mode...
Topological Sorting (CPU = 0:00:00.0, MEM = 396.2M)
Number of Loop : 0
Start delay calculation (mem=396.168M)...
Delay calculation completed.
(0:00:00.0 396.168M 0)
Calculate delays in BcWc mode...
Topological Sorting (CPU = 0:00:00.0, MEM = 396.2M)
Number of Loop : 0
Start delay calculation (mem=396.168M)...
Delay calculation completed.
(0:00:00.0 396.168M 0)
*** CDM Built up (cpu=0:00:00.3  mem= 396.2M) ***
*info: DRV Fixing Iteration 1.
*info: Remaining violations:
*info:   Max cap violations:    0
*info:   Max tran violations:   0
*info:   Prev Max cap violations:    3
*info:   Prev Max tran violations:   451
*info:
*info: Completed fixing DRV (CPU Time = 0:00:01, Mem = 396.17M).
**optDesign ... cpu = 0:00:04, real = 0:00:04, mem = 396.2M **
*** Starting optFanout (396.2M)
*info: 12 clock nets excluded
*info: 2 special nets excluded.
*info: 57 no-driver nets excluded.
*** Starting multi-driver net buffering ***
*summary: 0 non-ignored multi-driver nets.
*** Finished buffering multi-driver nets (CPU=0:00:00.0, MEM=396.2M) ***
Start fixing timing ... (0:00:00.0 396.2M)
*info: Buffered 0 large fanout net (> 100 terms)
Done fixing timing (0:00:00.1 396.2M)

Summary:
0 buffer added on 0 net (with 0 driver resized)

Density after buffering = 0.881119
*** Completed optFanout (0:00:00.1 396.2M)

**optDesign ... cpu = 0:00:04, real = 0:00:04, mem = 396.2M **
*** Timing Is met
*** Check timing (0:00:00.0)
************ Recovering area ***************
Info: 12 clock nets excluded from IPO operation.
*** Starting Area Reclaim ***
** Density before area reclaim = 88.112% **

*** starting 1-st reclaim pass: 2086 instances 
*** starting 2-nd reclaim pass: 97 instances 


** Area Reclaim Summary: Buffer Deletion = 0 Declone = 1 Downsize = 12 **
** Density Change = 0.187% **
** Density after area reclaim = 87.925% **
*** Finished Area Reclaim (0:00:00.6) ***
*** Starting trialRoute (mem=396.2M) ***

There are 0 pin guide points passed to trialRoute.
Options:  -handlePreroute -keepMarkedOptRoutes -noPinGuide

Nr of prerouted/Fixed nets = 0
routingBox: (0 0) (480940 320940)
coreBox:    (12300 12300) (468940 308940)
Number of multi-gpin terms=214, multi-gpins=429, moved blk term=0/222

Phase 1a route (0:00:00.0 396.2M):
Est net length = 5.704e+04um = 3.096e+04H + 2.608e+04V
Usage: (16.9%H 19.1%V) = (3.785e+04um 4.836e+04um) = (18378 16849)
Obstruct: 147 = 0 (0.0%H) + 147 (2.3%V)
Overflow: 31 = 0 (0.00% H) + 31 (0.50% V)
Number obstruct path=43 reroute=0

Phase 1b route (0:00:00.0 396.2M):
Usage: (16.9%H 19.1%V) = (3.783e+04um 4.842e+04um) = (18366 16871)
Overflow: 29 = 0 (0.00% H) + 29 (0.48% V)

Phase 1c route (0:00:00.0 396.2M):
Usage: (16.9%H 19.1%V) = (3.772e+04um 4.837e+04um) = (18312 16853)
Overflow: 28 = 0 (0.00% H) + 28 (0.45% V)

Phase 1d route (0:00:00.0 396.2M):
Usage: (16.9%H 19.1%V) = (3.772e+04um 4.837e+04um) = (18312 16853)
Overflow: 28 = 0 (0.00% H) + 28 (0.45% V)

Phase 1e route (0:00:00.0 396.2M):
Usage: (16.9%H 19.1%V) = (3.774e+04um 4.837e+04um) = (18322 16855)
Overflow: 10 = 0 (0.00% H) + 10 (0.16% V)

Phase 1f route (0:00:00.0 396.2M):
Usage: (16.9%H 19.1%V) = (3.774e+04um 4.839e+04um) = (18326 16859)
Overflow: 7 = 0 (0.00% H) + 7 (0.11% V)

Congestion distribution:

Remain	cntH		cntV
--------------------------------------
 -1:	0	 0.00%	7	 0.11%
--------------------------------------
  0:	0	 0.00%	51	 0.83%
  1:	0	 0.00%	32	 0.52%
  2:	0	 0.00%	70	 1.13%
  3:	0	 0.00%	55	 0.89%
  4:	3	 0.05%	52	 0.84%
  5:	4	 0.06%	58	 0.94%
  6:	16	 0.25%	61	 0.99%
  7:	29	 0.46%	74	 1.20%
  8:	63	 1.00%	180	 2.91%
  9:	111	 1.75%	421	 6.81%
 10:	209	 3.30%	599	 9.70%
 11:	335	 5.30%	839	13.58%
 12:	547	 8.65%	1076	17.42%
 13:	814	12.87%	973	15.75%
 14:	1082	17.11%	799	12.93%
 15:	1208	19.10%	777	12.58%
 16:	1097	17.34%	16	 0.26%
 17:	543	 8.58%	13	 0.21%
 18:	149	 2.36%	19	 0.31%
 20:	115	 1.82%	6	 0.10%


Using detail cap. scale factor for clock nets.
Initializing multi-corner capacitance tables ... 
Initializing multi-corner resistance tables ...

*** Memory Usage v0.144 (Current mem = 396.168M, initial mem = 62.238M) ***
Phase 1l route (0:00:00.1 396.2M):


*** After '-updateRemainTrks' operation: 

Usage: (17.5%H 19.9%V) = (3.918e+04um 5.038e+04um) = (19024 17553)
Overflow: 25 = 0 (0.00% H) + 25 (0.41% V)

Congestion distribution:

Remain	cntH		cntV
--------------------------------------
 -3:	0	 0.00%	2	 0.03%
 -2:	0	 0.00%	9	 0.15%
 -1:	0	 0.00%	9	 0.15%
--------------------------------------
  0:	0	 0.00%	41	 0.66%
  1:	0	 0.00%	40	 0.65%
  2:	0	 0.00%	75	 1.21%
  3:	1	 0.02%	56	 0.91%
  4:	4	 0.06%	60	 0.97%
  5:	11	 0.17%	62	 1.00%
  6:	21	 0.33%	70	 1.13%
  7:	39	 0.62%	101	 1.63%
  8:	67	 1.06%	204	 3.30%
  9:	140	 2.21%	407	 6.59%
 10:	230	 3.64%	581	 9.40%
 11:	351	 5.55%	799	12.93%
 12:	561	 8.87%	1072	17.35%
 13:	810	12.81%	959	15.52%
 14:	1069	16.90%	797	12.90%
 15:	1178	18.62%	776	12.56%
 16:	1058	16.73%	20	 0.32%
 17:	526	 8.32%	13	 0.21%
 18:	144	 2.28%	19	 0.31%
 20:	115	 1.82%	6	 0.10%



*** Completed Phase 1 route (0:00:00.1 396.2M) ***


Total length: 5.987e+04um, number of vias: 19198
M1(H) length: 2.062e+00um, number of vias: 9343
M2(V) length: 2.164e+04um, number of vias: 8150
M3(H) length: 2.639e+04um, number of vias: 1335
M4(V) length: 7.334e+03um, number of vias: 336
M5(H) length: 4.192e+03um, number of vias: 32
M6(V) length: 2.960e+02um, number of vias: 2
M7(H) length: 1.066e+01um
*** Completed Phase 2 route (0:00:00.0 396.2M) ***

*** Finished all Phases (cpu=0:00:00.2 mem=396.2M) ***
Peak Memory Usage was 396.2M 
*** Finished trialRoute (cpu=0:00:00.2 mem=396.2M) ***

Default RC Extraction called for design SYS_TOP.
RC Extraction called in multi-corner(1) mode.
RCMode: Default
      RC Corner Indexes            0   
Capacitance Scaling Factor   : 1.00000 
Coupling Cap. Scaling Factor : 1.00000 
Resistance Scaling Factor    : 1.00000 
Shrink Factor                : 1.00000
Default RC extraction is honoring NDR/Shielding/ExtraSpace for clock nets.
Using detail cap. scale factor for clock nets.
Initializing multi-corner capacitance tables ... 
Initializing multi-corner resistance tables ...
Default RC Extraction DONE (CPU Time: 0:00:00.0  Real Time: 0:00:00.0  MEM: 396.168M)
Calculate delays in BcWc mode...
Topological Sorting (CPU = 0:00:00.0, MEM = 396.2M)
Number of Loop : 0
Start delay calculation (mem=396.168M)...
Delay calculation completed.
(0:00:00.1 396.168M 0)
Calculate delays in BcWc mode...
Topological Sorting (CPU = 0:00:00.0, MEM = 396.2M)
Number of Loop : 0
Start delay calculation (mem=396.168M)...
Delay calculation completed.
(0:00:00.0 396.168M 0)
Calculate delays in BcWc mode...
Topological Sorting (CPU = 0:00:00.0, MEM = 396.2M)
Number of Loop : 0
Start delay calculation (mem=396.168M)...
Delay calculation completed.
(0:00:00.0 396.168M 0)
*** CDM Built up (cpu=0:00:00.3  mem= 396.2M) ***
**optDesign ... cpu = 0:00:06, real = 0:00:05, mem = 396.2M **
*** Timing Is met
*** Check timing (0:00:00.1)
setClockDomains -fromType register -toType register 
**WARN: (SOCCTE-318):	Paths not in the reg2reg domain will be added 1000ns slack adjustment
*** Timing Is met
*** Check timing (0:00:00.1)
**optDesign ... cpu = 0:00:06, real = 0:00:06, mem = 396.2M **
*** Finished optDesign ***
*** Starting "NanoPlace(TM) placement v0.845 (mem=396.2M)" ...
*** Build Buffered Sizing Timing Model (Used Compact Buffer Set) ...(cpu=0:00:02.0 mem=396.2M) ***
*** Build Virtual Sizing Timing Model
(cpu=0:00:02.3 mem=396.2M) ***
Options: timingDriven ignoreSpare pinGuide gpeffort=medium 
#std cell=2466 #block=0 (0 floating + 0 preplaced) #ioInst=0 #net=2577 #term=9362 #term/net=3.63, #fixedIo=0, #floatIo=0, #fixedPin=19, #floatPin=0
stdCell: 2466 single + 0 double + 0 multi
Total standard cell length = 10.2221 (mm), area = 0.0293 (mm^2)
Average module density = 0.879.
Density for the design = 0.879.
       = stdcell_area 24932 (29337 um^2) / alloc_area 28356 (33367 um^2).
Pin Density = 0.376.
            = total # of pins 9362 / total Instance area 24932.
Identified 4 spare or floating instances, with no clusters.
Iteration 11: Total net bbox = 4.880e+04 (2.79e+04 2.09e+04)
              Est.  stn bbox = 5.825e+04 (3.30e+04 2.53e+04)
              cpu = 0:00:00.5 real = 0:00:00.0 mem = 400.1M
Iteration 12: Total net bbox = 5.325e+04 (3.21e+04 2.12e+04)
              Est.  stn bbox = 6.299e+04 (3.74e+04 2.56e+04)
              cpu = 0:00:00.0 real = 0:00:00.0 mem = 399.1M
*** cost = 5.325e+04 (3.21e+04 2.12e+04) (cpu for global=0:00:00.5) real=0:00:00.0***
Core Placement runtime cpu: 0:00:00.5 real: 0:00:00.0
Starting refinePlace ...
Placement tweakage begins.
wire length = 5.488e+04 = 3.325e+04 H + 2.163e+04 V
wire length = 4.674e+04 = 2.541e+04 H + 2.133e+04 V
Placement tweakage ends.
Statistics of distance of Instance movement in detailed placement:
  maximum (X+Y) =        37.31 um
  inst (Prescale_MUX/U8) with max move: (118.49, 103.73) -> (81.18, 103.73)
  mean    (X+Y) =         4.52 um
Total instances flipped : 27
Total instances moved : 2114
*** cpu=0:00:00.1   mem=399.2M  mem(used)=0.0M***
Total net length = 4.674e+04 (2.542e+04 2.132e+04) (ext = 2.077e+03)
*** End of Placement (cpu=0:00:03.8, real=0:00:03.0, mem=399.2M) ***
default core: bins with density >  0.75 =   75 % ( 36 / 48 )
*** Free Virtual Timing Model ...(mem=399.2M)
Starting IO pin assignment...
**WARN: (SOCSP-9025):	No scan chain specified/traced.
*** Finishing placeDesign concurrent flow ***
**placeDesign ... cpu = 0: 0:15, real = 0: 0:15, mem = 397.9M **
<CMD> addTieHiLo -cell TIELOM -prefix LTIE
No constraint set for distance
No constraint set for fanout
Existing tie instances of cell TIELOM, if found would be deleted
Deleted 0 physical inst  (cell TIELOM / prefix -).
Deleted 0 logical insts of cell TIELOM with prefix LTIE
INFO: Total Number of Tie Cells (TIELOM) placed: 1
<CMD> addTieHiLo -cell TIEHIM -prefix HTIE
No constraint set for distance
No constraint set for fanout
Existing tie instances of cell TIEHIM, if found would be deleted
Deleted 0 physical inst  (cell TIEHIM / prefix -).
Deleted 0 logical insts of cell TIEHIM with prefix HTIE
INFO: Total Number of Tie Cells (TIEHIM) placed: 5
<CMD> globalNetConnect VDD -type pgpin -pin VDD -inst *
<CMD> globalNetConnect VSS -type pgpin -pin VSS -inst *
<CMD> setDrawView ameba
<CMD> setDrawView place
<CMD> setDrawView ameba
<CMD> setDrawView place
<CMD> verifyGeometry -noMinArea
 *** Starting Verify Geometry (MEM: 397.9) ***

  VERIFY GEOMETRY ...... Starting Verification
  VERIFY GEOMETRY ...... Initializing
  VERIFY GEOMETRY ...... Deleting Existing Violations
  VERIFY GEOMETRY ...... Creating Sub-Areas
                  ...... bin size: 8000
  VERIFY GEOMETRY ...... SubArea : 1 of 1
  VERIFY GEOMETRY ...... Cells          :  0 Viols.
  VERIFY GEOMETRY ...... SameNet        :  0 Viols.
  VERIFY GEOMETRY ...... Wiring         :  0 Viols.
  VERIFY GEOMETRY ...... Antenna        :  0 Viols.
  VERIFY GEOMETRY ...... Sub-Area : 1 complete 0 Viols. 0 Wrngs.
VG: elapsed time: 1.00
Begin Summary ...
  Cells       : 0
  SameNet     : 0
  Wiring      : 0
  Antenna     : 0
  Short       : 0
  Overlap     : 0
End Summary

  Verification Complete : 0 Viols.  0 Wrngs.

**********End: VERIFY GEOMETRY**********
 *** verify geometry (CPU: 0:00:00.5  MEM: 0.0M)

<CMD> verifyConnectivity -type all -noAntenna -error 1000 -warning 50

******** Start: VERIFY CONNECTIVITY ********
Start Time: Tue Oct  6 17:57:36 2026

Design Name: SYS_TOP
Database Units: 2000
Design Boundary: (0.0000, 0.0000) (240.4700, 160.4700)
Error Limit = 1000; Warning Limit = 50
Check all nets
Net TX_Clock_Divider/HTIE_LTIEHI_NET: no routing.
Net RX_Clock_Divider/HTIE_LTIEHI_NET: no routing.
Net Prescale_MUX/HTIE_LTIEHI_NET: no routing.
Net Domain_2_Reset/HTIE_LTIEHI_NET: no routing.
Net Domain_1_Reset/HTIE_LTIEHI_NET: no routing.
Net RX_Clock_Divider/LTIE_LTIELO_NET: no routing.
Net FE_OFN4_ALU_FUNC_1_: no routing.
Net FE_OFN3_RST_Domain_2_M: no routing.
Net FE_OFN2_RST_Domain_1_M: no routing.
Net FE_OFN1_RST_Domain_1_M: no routing.
Net FE_OFN0_RST_Domain_1_M: no routing.
Net SI[3]: Found a geometry with bounding box (-0.10,120.10) (0.10,120.30) outside design boundary.
Violations for such geometries will be reported.
Net SI[3]: no routing.
Net SI[2]: no routing.
Net SI[1]: no routing.
Net SI[0]: no routing.
Net SO[3]: no routing.
Net SO[2]: no routing.
Net SO[1]: no routing.
Net SO[0]: no routing.
Net scan_clk: no routing.
Net scan_rst: no routing.
Net test_mode: no routing.
Net SE: no routing.
Net RST_N: no routing.
Net UART_CLK: no routing.
Net REF_CLK: no routing.
Net UART_RX_IN: no routing.
Net UART_TX_O: no routing.
Net parity_error: no routing.
Net framing_error: no routing.
Net REF_CLK_M: no routing.
Net RST_M: no routing.
Net RST_Domain_1: no routing.
Net UART_CLK_M: no routing.
Net RST_Domain_2: no routing.
Net RST_Domain_2_M: no routing.
Net RX_CLK: no routing.
Net TX_CLK: no routing.
Net CLK_en: no routing.
Net ALU_CLK: no routing.
Net RST_Domain_1_M: no routing.
Net WR_en: no routing.
Net RD_en: no routing.
Net RD_Valid: no routing.
Net ALU_Valid: no routing.
Net RX_data_valid: no routing.
Net RX_data_valid_synced: no routing.
Net TX_CLK_M: no routing.
Net busy: no routing.
Net R_inc: no routing.
Net W_full: no routing.
Net W_inc: no routing.
Net R_empty: no routing.
Net RX_CLK_M: no routing.
Net n10: no routing.
Net n13: no routing.
Net n14: no routing.
Net n15: no routing.
Net n34: no routing.
Net n20: no routing.
Net n21: no routing.
Net n22: no routing.
Net n26: no routing.
Net n27: no routing.
Net n28: no routing.
Net n30: no routing.
Net n31: no routing.
Net n32: no routing.
Net n33: no routing.
Net UART_CONFIG[7]: no routing.
Net UART_CONFIG[6]: no routing.
Net UART_CONFIG[5]: no routing.
Net UART_CONFIG[4]: no routing.
Net UART_CONFIG[3]: no routing.
Net UART_CONFIG[2]: no routing.
Net UART_CONFIG[1]: no routing.
Net UART_CONFIG[0]: no routing.
Net RX_DIV_Ratio[3]: no routing.
Net RX_DIV_Ratio[2]: no routing.
Net RX_DIV_Ratio[1]: no routing.
Net RX_DIV_Ratio[0]: no routing.
Net TX_DIV_Ratio[7]: no routing.
Net TX_DIV_Ratio[6]: no routing.
Net TX_DIV_Ratio[5]: no routing.
Net TX_DIV_Ratio[4]: no routing.
Net TX_DIV_Ratio[3]: no routing.
Net TX_DIV_Ratio[2]: no routing.
Net TX_DIV_Ratio[1]: no routing.
Net TX_DIV_Ratio[0]: no routing.
Net address[3]: no routing.
Net address[2]: no routing.
Net address[1]: no routing.
Net address[0]: no routing.
Net WR_Data[7]: no routing.
Net WR_Data[6]: no routing.
Net WR_Data[5]: no routing.
Net WR_Data[4]: no routing.
Net WR_Data[3]: no routing.
Net WR_Data[2]: no routing.
Net WR_Data[1]: no routing.
Net WR_Data[0]: no routing.
Net RD_Data[7]: no routing.
Net RD_Data[6]: no routing.
Net RD_Data[5]: no routing.
Net RD_Data[4]: no routing.
Net RD_Data[3]: no routing.
Net RD_Data[2]: no routing.
Net RD_Data[1]: no routing.
Net RD_Data[0]: no routing.
Net OP_A[7]: no routing.
Net OP_A[6]: no routing.
Net OP_A[5]: no routing.
Net OP_A[4]: no routing.
Net OP_A[3]: no routing.
Net OP_A[2]: no routing.
Net OP_A[1]: no routing.
Net OP_A[0]: no routing.
Net OP_B[7]: no routing.
Net OP_B[6]: no routing.
Net OP_B[5]: no routing.
Net OP_B[4]: no routing.
Net OP_B[3]: no routing.
Net OP_B[2]: no routing.
Net OP_B[1]: no routing.
Net OP_B[0]: no routing.
Net ALU_FUNC[3]: no routing.
Net ALU_FUNC[2]: no routing.
Net ALU_FUNC[1]: no routing.
Net ALU_FUNC[0]: no routing.
Net ALU_OUT[15]: no routing.
Net ALU_OUT[14]: no routing.
Net ALU_OUT[13]: no routing.
Net ALU_OUT[12]: no routing.
Net ALU_OUT[11]: no routing.
Net ALU_OUT[10]: no routing.
Net ALU_OUT[9]: no routing.
Net ALU_OUT[8]: no routing.
Net ALU_OUT[7]: no routing.
Net ALU_OUT[6]: no routing.
Net ALU_OUT[5]: no routing.
Net ALU_OUT[4]: no routing.
Net ALU_OUT[3]: no routing.
Net ALU_OUT[2]: no routing.
Net ALU_OUT[1]: no routing.
Net ALU_OUT[0]: no routing.
Net RX_P_DATA[7]: no routing.
Net RX_P_DATA[6]: no routing.
Net RX_P_DATA[5]: no routing.
Net RX_P_DATA[4]: no routing.
Net RX_P_DATA[3]: no routing.
Net RX_P_DATA[2]: no routing.
Net RX_P_DATA[1]: no routing.
Net RX_P_DATA[0]: no routing.
Net RX_P_DATA_synced[7]: no routing.
Net RX_P_DATA_synced[6]: no routing.
Net RX_P_DATA_synced[5]: no routing.
Net RX_P_DATA_synced[4]: no routing.
Net RX_P_DATA_synced[3]: no routing.
Net RX_P_DATA_synced[2]: no routing.
Net RX_P_DATA_synced[1]: no routing.
Net RX_P_DATA_synced[0]: no routing.
Net WR_DATA_fifo[7]: no routing.
Net WR_DATA_fifo[6]: no routing.
Net WR_DATA_fifo[5]: no routing.
Net WR_DATA_fifo[4]: no routing.
Net WR_DATA_fifo[3]: no routing.
Net WR_DATA_fifo[2]: no routing.
Net WR_DATA_fifo[1]: no routing.
Net WR_DATA_fifo[0]: no routing.
Net TX_P_data[7]: no routing.
Net TX_P_data[6]: no routing.
Net TX_P_data[5]: no routing.
Net TX_P_data[4]: no routing.
Net TX_P_data[3]: no routing.
Net TX_P_data[2]: no routing.
Net TX_P_data[1]: no routing.
Net TX_P_data[0]: no routing.
Net Domain_1_Reset/memory[0]: no routing.
Net Domain_1_Reset/n3: no routing.
Net Domain_2_Reset/memory[0]: no routing.
Net Domain_2_Reset/n7: no routing.
Net Prescale_MUX/n5: no routing.
Net Prescale_MUX/n6: no routing.
Net Prescale_MUX/n7: no routing.
Net Prescale_MUX/n8: no routing.
Net Prescale_MUX/n9: no routing.
Net Prescale_MUX/n14: no routing.
Net Prescale_MUX/n15: no routing.
Net Prescale_MUX/n16: no routing.
Net Prescale_MUX/n17: no routing.
Net RX_Clock_Divider/clk_div_reg: no routing.
Net RX_Clock_Divider/N7: no routing.
Net RX_Clock_Divider/N8: no routing.
Net RX_Clock_Divider/N9: no routing.
Net RX_Clock_Divider/N10: no routing.
Net RX_Clock_Divider/N11: no routing.
Net RX_Clock_Divider/N12: no routing.
Net RX_Clock_Divider/N13: no routing.
Net RX_Clock_Divider/N14: no routing.
Net RX_Clock_Divider/N17: no routing.
Net RX_Clock_Divider/N18: no routing.
Net RX_Clock_Divider/N19: no routing.
Net RX_Clock_Divider/N20: no routing.
Net RX_Clock_Divider/N21: no routing.
Net RX_Clock_Divider/N22: no routing.
Net RX_Clock_Divider/N23: no routing.
Net RX_Clock_Divider/N24: no routing.
Net RX_Clock_Divider/N26: no routing.
Net RX_Clock_Divider/N27: no routing.
Net RX_Clock_Divider/N28: no routing.
Net RX_Clock_Divider/N29: no routing.
Net RX_Clock_Divider/N30: no routing.
Net RX_Clock_Divider/N31: no routing.
Net RX_Clock_Divider/N32: no routing.
Net RX_Clock_Divider/N33: no routing.
Net RX_Clock_Divider/N45: no routing.
Net RX_Clock_Divider/N46: no routing.
Net RX_Clock_Divider/N47: no routing.
Net RX_Clock_Divider/N48: no routing.
Net RX_Clock_Divider/N49: no routing.
Net RX_Clock_Divider/N50: no routing.
Net RX_Clock_Divider/N51: no routing.
Net RX_Clock_Divider/N52: no routing.
Net RX_Clock_Divider/n18: no routing.
Net RX_Clock_Divider/n19: no routing.
Net RX_Clock_Divider/n20: no routing.
Net RX_Clock_Divider/n21: no routing.
Net RX_Clock_Divider/n22: no routing.
Net RX_Clock_Divider/n23: no routing.
Net RX_Clock_Divider/n3: no routing.
Net RX_Clock_Divider/n4: no routing.
Net RX_Clock_Divider/n25: no routing.
Net RX_Clock_Divider/n28: no routing.
Net RX_Clock_Divider/n29: no routing.
Net RX_Clock_Divider/n30: no routing.
Net RX_Clock_Divider/n31: no routing.
Net RX_Clock_Divider/n32: no routing.
Net RX_Clock_Divider/n33: no routing.
Net RX_Clock_Divider/n34: no routing.
Net RX_Clock_Divider/n35: no routing.
Net RX_Clock_Divider/n36: no routing.
Net RX_Clock_Divider/n37: no routing.
Net RX_Clock_Divider/n38: no routing.
Net RX_Clock_Divider/n39: no routing.
Net RX_Clock_Divider/n40: no routing.
Net RX_Clock_Divider/n41: no routing.
Net RX_Clock_Divider/n42: no routing.
Net RX_Clock_Divider/n43: no routing.
Net RX_Clock_Divider/n44: no routing.
Net RX_Clock_Divider/n45: no routing.
Net RX_Clock_Divider/n46: no routing.
Net RX_Clock_Divider/n47: no routing.
Net RX_Clock_Divider/n48: no routing.
Net RX_Clock_Divider/n49: no routing.
Net RX_Clock_Divider/n50: no routing.
Net RX_Clock_Divider/n51: no routing.
Net RX_Clock_Divider/n52: no routing.
Net RX_Clock_Divider/n53: no routing.
Net RX_Clock_Divider/n54: no routing.
Net RX_Clock_Divider/n55: no routing.
Net RX_Clock_Divider/n56: no routing.
Net RX_Clock_Divider/n57: no routing.
Net RX_Clock_Divider/n58: no routing.
Net RX_Clock_Divider/n59: no routing.
Net RX_Clock_Divider/n60: no routing.
Net RX_Clock_Divider/n61: no routing.
Net RX_Clock_Divider/n62: no routing.
Net RX_Clock_Divider/n63: no routing.
Net RX_Clock_Divider/n64: no routing.
Net RX_Clock_Divider/n65: no routing.
Net RX_Clock_Divider/n68: no routing.
Net RX_Clock_Divider/n69: no routing.
Net RX_Clock_Divider/n70: no routing.
Net RX_Clock_Divider/n71: no routing.
Net RX_Clock_Divider/n72: no routing.
Net RX_Clock_Divider/n73: no routing.
Net RX_Clock_Divider/n74: no routing.
Net RX_Clock_Divider/n75: no routing.
Net RX_Clock_Divider/counter[6]: no routing.
Net RX_Clock_Divider/counter[5]: no routing.
Net RX_Clock_Divider/counter[4]: no routing.
Net RX_Clock_Divider/counter[3]: no routing.
Net RX_Clock_Divider/counter[2]: no routing.
Net RX_Clock_Divider/counter[1]: no routing.
Net RX_Clock_Divider/counter[0]: no routing.
Net RX_Clock_Divider/add_24/carry[7]: no routing.
Net RX_Clock_Divider/add_24/carry[6]: no routing.
Net RX_Clock_Divider/add_24/carry[5]: no routing.
Net RX_Clock_Divider/add_24/carry[4]: no routing.
Net RX_Clock_Divider/add_24/carry[3]: no routing.
Net RX_Clock_Divider/add_24/carry[2]: no routing.
Net TX_Clock_Divider/clk_div_reg: no routing.
Net TX_Clock_Divider/N7: no routing.
Net TX_Clock_Divider/N8: no routing.
Net TX_Clock_Divider/N9: no routing.
Net TX_Clock_Divider/N10: no routing.
Net TX_Clock_Divider/N11: no routing.
Net TX_Clock_Divider/N12: no routing.
Net TX_Clock_Divider/N13: no routing.
Net TX_Clock_Divider/N14: no routing.
Net TX_Clock_Divider/N18: no routing.
Net TX_Clock_Divider/N19: no routing.
Net TX_Clock_Divider/N20: no routing.
Net TX_Clock_Divider/N21: no routing.
Net TX_Clock_Divider/N22: no routing.
Net TX_Clock_Divider/N23: no routing.
Net TX_Clock_Divider/N24: no routing.
Net TX_Clock_Divider/N25: no routing.
Net TX_Clock_Divider/N27: no routing.
Net TX_Clock_Divider/N28: no routing.
Net TX_Clock_Divider/N29: no routing.
Net TX_Clock_Divider/N30: no routing.
Net TX_Clock_Divider/N31: no routing.
Net TX_Clock_Divider/N32: no routing.
Net TX_Clock_Divider/N33: no routing.
Net TX_Clock_Divider/N45: no routing.
Net TX_Clock_Divider/N46: no routing.
Net TX_Clock_Divider/N47: no routing.
Net TX_Clock_Divider/N48: no routing.
Net TX_Clock_Divider/N49: no routing.
Net TX_Clock_Divider/N50: no routing.
Net TX_Clock_Divider/N51: no routing.
Net TX_Clock_Divider/N52: no routing.
Net TX_Clock_Divider/n1: no routing.
Net TX_Clock_Divider/n2: no routing.
Net TX_Clock_Divider/n5: no routing.
Net TX_Clock_Divider/n6: no routing.
Net TX_Clock_Divider/n16: no routing.
Net TX_Clock_Divider/n17: no routing.
Net TX_Clock_Divider/n24: no routing.
Net TX_Clock_Divider/n25: no routing.
Net TX_Clock_Divider/n26: no routing.
Net TX_Clock_Divider/n27: no routing.
Net TX_Clock_Divider/n28: no routing.
Net TX_Clock_Divider/n29: no routing.
Net TX_Clock_Divider/n30: no routing.
Net TX_Clock_Divider/n31: no routing.
Net TX_Clock_Divider/n32: no routing.
Net TX_Clock_Divider/n33: no routing.
Net TX_Clock_Divider/n34: no routing.
Net TX_Clock_Divider/n35: no routing.
Net TX_Clock_Divider/n36: no routing.
Net TX_Clock_Divider/n37: no routing.
Net TX_Clock_Divider/n38: no routing.
Net TX_Clock_Divider/n39: no routing.
Net TX_Clock_Divider/n40: no routing.
Net TX_Clock_Divider/n41: no routing.
Net TX_Clock_Divider/n42: no routing.
Net TX_Clock_Divider/n43: no routing.
Net TX_Clock_Divider/n44: no routing.
Net TX_Clock_Divider/n45: no routing.
Net TX_Clock_Divider/n46: no routing.
Net TX_Clock_Divider/n47: no routing.
Net TX_Clock_Divider/n48: no routing.
Net TX_Clock_Divider/n49: no routing.
Net TX_Clock_Divider/n50: no routing.
Net TX_Clock_Divider/n51: no routing.
Net TX_Clock_Divider/n52: no routing.
Net TX_Clock_Divider/n53: no routing.
Net TX_Clock_Divider/n54: no routing.
Net TX_Clock_Divider/n55: no routing.
Net TX_Clock_Divider/n56: no routing.
Net TX_Clock_Divider/n57: no routing.
Net TX_Clock_Divider/n58: no routing.
Net TX_Clock_Divider/n59: no routing.
Net TX_Clock_Divider/n60: no routing.
Net TX_Clock_Divider/n61: no routing.
Net TX_Clock_Divider/n62: no routing.
Net TX_Clock_Divider/n74: no routing.
Net TX_Clock_Divider/n75: no routing.
Net TX_Clock_Divider/n76: no routing.
Net TX_Clock_Divider/n77: no routing.
Net TX_Clock_Divider/n78: no routing.
Net TX_Clock_Divider/n79: no routing.
Net TX_Clock_Divider/n80: no routing.
Net TX_Clock_Divider/n81: no routing.
Net TX_Clock_Divider/counter[6]: no routing.
Net TX_Clock_Divider/counter[5]: no routing.
Net TX_Clock_Divider/counter[4]: no routing.
Net TX_Clock_Divider/counter[3]: no routing.
Net TX_Clock_Divider/counter[2]: no routing.
Net TX_Clock_Divider/counter[1]: no routing.
Net TX_Clock_Divider/counter[0]: no routing.
Net TX_Clock_Divider/add_24/carry[7]: no routing.
Net TX_Clock_Divider/add_24/carry[6]: no routing.
Net TX_Clock_Divider/add_24/carry[5]: no routing.
Net TX_Clock_Divider/add_24/carry[4]: no routing.
Net TX_Clock_Divider/add_24/carry[3]: no routing.
Net TX_Clock_Divider/add_24/carry[2]: no routing.
Net Clock_Gating/_0_net_: no routing.
Net Register_File/n546: no routing.
Net Register_File/n547: no routing.
Net Register_File/n548: no routing.
Net Register_File/n549: no routing.
Net Register_File/n550: no routing.
Net Register_File/n551: no routing.
Net Register_File/n552: no routing.
Net Register_File/n553: no routing.
Net Register_File/n554: no routing.
Net Register_File/n555: no routing.
Net Register_File/n556: no routing.
Net Register_File/n558: no routing.
Net Register_File/n559: no routing.
Net Register_File/n560: no routing.
Net Register_File/n561: no routing.
Net Register_File/n563: no routing.
Net Register_File/n565: no routing.
Net Register_File/n566: no routing.
Net Register_File/n3: no routing.
Net Register_File/reg_file[15][6]: no routing.
Net Register_File/reg_file[15][5]: no routing.
Net Register_File/reg_file[15][4]: no routing.
Net Register_File/reg_file[15][3]: no routing.
Net Register_File/reg_file[15][2]: no routing.
Net Register_File/reg_file[15][1]: no routing.
Net Register_File/reg_file[15][0]: no routing.
Net Register_File/reg_file[14][7]: no routing.
Net Register_File/reg_file[14][6]: no routing.
Net Register_File/reg_file[14][5]: no routing.
Net Register_File/reg_file[14][4]: no routing.
Net Register_File/reg_file[14][3]: no routing.
Net Register_File/reg_file[14][2]: no routing.
Net Register_File/reg_file[14][1]: no routing.
Net Register_File/reg_file[14][0]: no routing.
Net Register_File/reg_file[13][7]: no routing.
Net Register_File/reg_file[13][6]: no routing.
Net Register_File/reg_file[13][5]: no routing.
Net Register_File/reg_file[13][4]: no routing.
Net Register_File/reg_file[13][3]: no routing.
Net Register_File/reg_file[13][1]: no routing.
Net Register_File/reg_file[13][0]: no routing.
Net Register_File/reg_file[12][7]: no routing.
Net Register_File/reg_file[12][6]: no routing.
Net Register_File/reg_file[12][5]: no routing.
Net Register_File/reg_file[12][4]: no routing.
Net Register_File/reg_file[12][3]: no routing.
Net Register_File/reg_file[12][2]: no routing.
Net Register_File/reg_file[12][1]: no routing.
Net Register_File/reg_file[12][0]: no routing.
Net Register_File/reg_file[11][7]: no routing.
Net Register_File/reg_file[11][6]: no routing.
Net Register_File/reg_file[11][5]: no routing.
Net Register_File/reg_file[11][4]: no routing.
Net Register_File/reg_file[11][3]: no routing.
Net Register_File/reg_file[11][2]: no routing.
Net Register_File/reg_file[11][1]: no routing.
Net Register_File/reg_file[11][0]: no routing.
Net Register_File/reg_file[10][7]: no routing.
Net Register_File/reg_file[10][6]: no routing.
Net Register_File/reg_file[10][5]: no routing.
Net Register_File/reg_file[10][4]: no routing.
Net Register_File/reg_file[10][3]: no routing.
Net Register_File/reg_file[10][2]: no routing.
Net Register_File/reg_file[10][1]: no routing.
Net Register_File/reg_file[10][0]: no routing.
Net Register_File/reg_file[9][7]: no routing.
Net Register_File/reg_file[9][6]: no routing.
Net Register_File/reg_file[9][5]: no routing.
Net Register_File/reg_file[9][4]: no routing.
Net Register_File/reg_file[9][3]: no routing.
Net Register_File/reg_file[9][2]: no routing.
Net Register_File/reg_file[9][1]: no routing.
Net Register_File/reg_file[9][0]: no routing.
Net Register_File/reg_file[8][7]: no routing.
Net Register_File/reg_file[8][6]: no routing.
Net Register_File/reg_file[8][5]: no routing.
Net Register_File/reg_file[8][4]: no routing.
Net Register_File/reg_file[8][3]: no routing.
Net Register_File/reg_file[8][2]: no routing.
Net Register_File/reg_file[8][1]: no routing.
Net Register_File/reg_file[8][0]: no routing.
Net Register_File/reg_file[7][7]: no routing.
Net Register_File/reg_file[7][6]: no routing.
Net Register_File/reg_file[7][5]: no routing.
Net Register_File/reg_file[7][4]: no routing.
Net Register_File/reg_file[7][3]: no routing.
Net Register_File/reg_file[7][2]: no routing.
Net Register_File/reg_file[7][1]: no routing.
Net Register_File/reg_file[7][0]: no routing.
Net Register_File/reg_file[6][7]: no routing.
Net Register_File/reg_file[6][6]: no routing.
Net Register_File/reg_file[6][5]: no routing.
Net Register_File/reg_file[6][4]: no routing.
Net Register_File/reg_file[6][3]: no routing.
Net Register_File/reg_file[6][2]: no routing.
Net Register_File/reg_file[6][1]: no routing.
Net Register_File/reg_file[6][0]: no routing.
Net Register_File/reg_file[5][7]: no routing.
Net Register_File/reg_file[5][6]: no routing.
Net Register_File/reg_file[5][5]: no routing.
Net Register_File/reg_file[5][4]: no routing.
Net Register_File/reg_file[5][3]: no routing.
Net Register_File/reg_file[5][2]: no routing.
Net Register_File/reg_file[5][1]: no routing.
Net Register_File/reg_file[5][0]: no routing.
Net Register_File/reg_file[4][7]: no routing.
Net Register_File/reg_file[4][6]: no routing.
Net Register_File/reg_file[4][5]: no routing.
Net Register_File/reg_file[4][4]: no routing.
Net Register_File/reg_file[4][3]: no routing.
Net Register_File/reg_file[4][2]: no routing.
Net Register_File/reg_file[4][1]: no routing.
Net Register_File/reg_file[4][0]: no routing.
Net Register_File/N36: no routing.
Net Register_File/N37: no routing.
Net Register_File/N38: no routing.
Net Register_File/N39: no routing.
Net Register_File/N40: no routing.
Net Register_File/N41: no routing.
Net Register_File/N42: no routing.
Net Register_File/N43: no routing.
Net Register_File/N61: no routing.
Net Register_File/n149: no routing.
Net Register_File/n150: no routing.
Net Register_File/n151: no routing.
Net Register_File/n152: no routing.
Net Register_File/n153: no routing.
Net Register_File/n154: no routing.
Net Register_File/n155: no routing.
Net Register_File/n156: no routing.
Net Register_File/n157: no routing.
Net Register_File/n158: no routing.
Net Register_File/n159: no routing.
Net Register_File/n160: no routing.
Net Register_File/n161: no routing.
Net Register_File/n162: no routing.
Net Register_File/n163: no routing.
Net Register_File/n164: no routing.
Net Register_File/n165: no routing.
Net Register_File/n166: no routing.
Net Register_File/n167: no routing.
Net Register_File/n168: no routing.
Net Register_File/n169: no routing.
Net Register_File/n170: no routing.
Net Register_File/n171: no routing.
Net Register_File/n172: no routing.
Net Register_File/n173: no routing.
Net Register_File/n174: no routing.
Net Register_File/n175: no routing.
Net Register_File/n176: no routing.
Net Register_File/n177: no routing.
Net Register_File/n178: no routing.
Net Register_File/n179: no routing.
Net Register_File/n180: no routing.
Net Register_File/n181: no routing.
Net Register_File/n182: no routing.
Net Register_File/n183: no routing.
Net Register_File/n184: no routing.
Net Register_File/n185: no routing.
Net Register_File/n186: no routing.
Net Register_File/n187: no routing.
Net Register_File/n188: no routing.
Net Register_File/n189: no routing.
Net Register_File/n190: no routing.
Net Register_File/n191: no routing.
Net Register_File/n192: no routing.
Net Register_File/n193: no routing.
Net Register_File/n194: no routing.
Net Register_File/n195: no routing.
Net Register_File/n196: no routing.
Net Register_File/n197: no routing.
Net Register_File/n198: no routing.
Net Register_File/n199: no routing.
Net Register_File/n200: no routing.
Net Register_File/n201: no routing.
Net Register_File/n202: no routing.
Net Register_File/n203: no routing.
Net Register_File/n204: no routing.
Net Register_File/n205: no routing.
Net Register_File/n206: no routing.
Net Register_File/n207: no routing.
Net Register_File/n208: no routing.
Net Register_File/n209: no routing.
Net Register_File/n210: no routing.
Net Register_File/n211: no routing.
Net Register_File/n212: no routing.
Net Register_File/n213: no routing.
Net Register_File/n214: no routing.
Net Register_File/n215: no routing.
Net Register_File/n216: no routing.
Net Register_File/n217: no routing.
Net Register_File/n218: no routing.
Net Register_File/n219: no routing.
Net Register_File/n220: no routing.
Net Register_File/n221: no routing.
Net Register_File/n222: no routing.
Net Register_File/n223: no routing.
Net Register_File/n224: no routing.
Net Register_File/n225: no routing.
Net Register_File/n226: no routing.
Net Register_File/n227: no routing.
Net Register_File/n228: no routing.
Net Register_File/n229: no routing.
Net Register_File/n230: no routing.
Net Register_File/n231: no routing.
Net Register_File/n232: no routing.
Net Register_File/n233: no routing.
Net Register_File/n234: no routing.
Net Register_File/n235: no routing.
Net Register_File/n236: no routing.
Net Register_File/n237: no routing.
Net Register_File/n238: no routing.
Net Register_File/n239: no routing.
Net Register_File/n240: no routing.
Net Register_File/n241: no routing.
Net Register_File/n242: no routing.
Net Register_File/n243: no routing.
Net Register_File/n244: no routing.
Net Register_File/n245: no routing.
Net Register_File/n246: no routing.
Net Register_File/n247: no routing.
Net Register_File/n248: no routing.
Net Register_File/n249: no routing.
Net Register_File/n250: no routing.
Net Register_File/n251: no routing.
Net Register_File/n252: no routing.
Net Register_File/n253: no routing.
Net Register_File/n254: no routing.
Net Register_File/n255: no routing.
Net Register_File/n256: no routing.
Net Register_File/n257: no routing.
Net Register_File/n258: no routing.
Net Register_File/n259: no routing.
Net Register_File/n260: no routing.
Net Register_File/n261: no routing.
Net Register_File/n262: no routing.
Net Register_File/n263: no routing.
Net Register_File/n264: no routing.
Net Register_File/n265: no routing.
Net Register_File/n266: no routing.
Net Register_File/n267: no routing.
Net Register_File/n268: no routing.
Net Register_File/n269: no routing.
Net Register_File/n270: no routing.
Net Register_File/n271: no routing.
Net Register_File/n272: no routing.
Net Register_File/n273: no routing.
Net Register_File/n274: no routing.
Net Register_File/n275: no routing.
Net Register_File/n276: no routing.
Net Register_File/n277: no routing.
Net Register_File/n278: no routing.
Net Register_File/n279: no routing.
Net Register_File/n280: no routing.
Net Register_File/n281: no routing.
Net Register_File/n282: no routing.
Net Register_File/n283: no routing.
Net Register_File/n284: no routing.
Net Register_File/n285: no routing.
Net Register_File/n286: no routing.
Net Register_File/n287: no routing.
Net Register_File/n288: no routing.
Net Register_File/n289: no routing.
Net Register_File/n290: no routing.
Net Register_File/n291: no routing.
Net Register_File/n292: no routing.
Net Register_File/n293: no routing.
Net Register_File/n294: no routing.
Net Register_File/n295: no routing.
Net Register_File/n296: no routing.
Net Register_File/n297: no routing.
Net Register_File/n298: no routing.
Net Register_File/n299: no routing.
Net Register_File/n300: no routing.
Net Register_File/n301: no routing.
Net Register_File/n302: no routing.
Net Register_File/n303: no routing.
Net Register_File/n304: no routing.
Net Register_File/n305: no routing.
Net Register_File/n306: no routing.
Net Register_File/n307: no routing.
Net Register_File/n308: no routing.
Net Register_File/n309: no routing.
Net Register_File/n310: no routing.
Net Register_File/n311: no routing.
Net Register_File/n138: no routing.
Net Register_File/n140: no routing.
Net Register_File/n142: no routing.
Net Register_File/n144: no routing.
Net Register_File/n146: no routing.
Net Register_File/n148: no routing.
Net Register_File/n313: no routing.
Net Register_File/n315: no routing.
Net Register_File/n317: no routing.
Net Register_File/n319: no routing.
Net Register_File/n321: no routing.
Net Register_File/n323: no routing.
Net Register_File/n325: no routing.
Net Register_File/n327: no routing.
Net Register_File/n329: no routing.
Net Register_File/n331: no routing.
Net Register_File/n333: no routing.
Net Register_File/n335: no routing.
Net Register_File/n365: no routing.
Net Register_File/n366: no routing.
Net Register_File/n367: no routing.
Net Register_File/n368: no routing.
Net Register_File/n369: no routing.
Net Register_File/n370: no routing.
Net Register_File/n371: no routing.
Net Register_File/n372: no routing.
Net Register_File/n373: no routing.
Net Register_File/n374: no routing.
Net Register_File/n375: no routing.
Net Register_File/n376: no routing.
Net Register_File/n377: no routing.
Net Register_File/n378: no routing.
Net Register_File/n379: no routing.
Net Register_File/n380: no routing.
Net Register_File/n381: no routing.
Net Register_File/n382: no routing.
Net Register_File/n383: no routing.
Net Register_File/n384: no routing.
Net Register_File/n385: no routing.
Net Register_File/n386: no routing.
Net Register_File/n387: no routing.
Net Register_File/n388: no routing.
Net Register_File/n389: no routing.
Net Register_File/n390: no routing.
Net Register_File/n391: no routing.
Net Register_File/n392: no routing.
Net Register_File/n393: no routing.
Net Register_File/n394: no routing.
Net Register_File/n395: no routing.
Net Register_File/n396: no routing.
Net Register_File/n397: no routing.
Net Register_File/n398: no routing.
Net Register_File/n399: no routing.
Net Register_File/n400: no routing.
Net Register_File/n401: no routing.
Net Register_File/n402: no routing.
Net Register_File/n403: no routing.
Net Register_File/n404: no routing.
Net Register_File/n405: no routing.
Net Register_File/n406: no routing.
Net Register_File/n407: no routing.
Net Register_File/n408: no routing.
Net Register_File/n409: no routing.
Net Register_File/n410: no routing.
Net Register_File/n411: no routing.
Net Register_File/n412: no routing.
Net Register_File/n413: no routing.
Net Register_File/n414: no routing.
Net Register_File/n415: no routing.
Net Register_File/n416: no routing.
Net Register_File/n417: no routing.
Net Register_File/n418: no routing.
Net Register_File/n419: no routing.
Net Register_File/n420: no routing.
Net Register_File/n421: no routing.
Net Register_File/n422: no routing.
Net Register_File/n423: no routing.
Net Register_File/n424: no routing.
Net Register_File/n425: no routing.
Net Register_File/n426: no routing.
Net Register_File/n427: no routing.
Net Register_File/n428: no routing.
Net Register_File/n429: no routing.
Net Register_File/n430: no routing.
Net Register_File/n431: no routing.
Net Register_File/n432: no routing.
Net Register_File/n433: no routing.
Net Register_File/n434: no routing.
Net Register_File/n435: no routing.
Net Register_File/n436: no routing.
Net Register_File/n437: no routing.
Net Register_File/n438: no routing.
Net Register_File/n439: no routing.
Net Register_File/n440: no routing.
Net Register_File/n441: no routing.
Net Register_File/n442: no routing.
Net Register_File/n443: no routing.
Net Register_File/n444: no routing.
Net Register_File/n445: no routing.
Net Register_File/n446: no routing.
Net Register_File/n447: no routing.
Net Register_File/n448: no routing.
Net Register_File/n449: no routing.
Net Register_File/n450: no routing.
Net Register_File/n451: no routing.
Net Register_File/n452: no routing.
Net Register_File/n453: no routing.
Net Register_File/n454: no routing.
Net Register_File/n455: no routing.
Net Register_File/n456: no routing.
Net Register_File/n457: no routing.
Net Register_File/n458: no routing.
Net Register_File/n459: no routing.
Net Register_File/n460: no routing.
Net Register_File/n461: no routing.
Net Register_File/n462: no routing.
Net Register_File/n463: no routing.
Net Register_File/n464: no routing.
Net Register_File/n465: no routing.
Net Register_File/n466: no routing.
Net Register_File/n467: no routing.
Net Register_File/n468: no routing.
Net Register_File/n469: no routing.
Net Register_File/n470: no routing.
Net Register_File/n471: no routing.
Net Register_File/n472: no routing.
Net Register_File/n473: no routing.
Net Register_File/n536: no routing.
Net Register_File/n537: no routing.
Net Register_File/n538: no routing.
Net Register_File/n539: no routing.
Net Register_File/n540: no routing.
Net Register_File/n541: no routing.
Net Register_File/n542: no routing.
Net Register_File/n543: no routing.
Net Register_File/n544: no routing.
Net Register_File/n545: no routing.
Net Register_File/n571: no routing.
Net Register_File/n572: no routing.
Net Register_File/n573: no routing.
Net Register_File/n574: no routing.
Net Register_File/n575: no routing.
Net Register_File/n576: no routing.
Net Register_File/n577: no routing.
Net Register_File/n578: no routing.
Net Register_File/n579: no routing.
Net Register_File/n580: no routing.
Net Register_File/n581: no routing.
Net Register_File/n582: no routing.
Net Register_File/n583: no routing.
Net Register_File/n584: no routing.
Net Register_File/n585: no routing.
Net Register_File/n586: no routing.
Net Register_File/n587: no routing.
Net Register_File/n588: no routing.
Net Register_File/n589: no routing.
Net Register_File/n590: no routing.
Net Register_File/n591: no routing.
Net Register_File/n592: no routing.
Net Register_File/n593: no routing.
Net Register_File/n594: no routing.
Net Register_File/n595: no routing.
Net Register_File/n596: no routing.
Net Register_File/n597: no routing.
Net Register_File/n598: no routing.
Net Register_File/n599: no routing.
Net Register_File/n600: no routing.
Net Register_File/n601: no routing.
Net Register_File/n602: no routing.
Net Register_File/n603: no routing.
Net Register_File/n604: no routing.
Net Register_File/n605: no routing.
Net Register_File/n606: no routing.
Net Register_File/n607: no routing.
Net Register_File/n608: no routing.
Net Register_File/n609: no routing.
Net Register_File/n610: no routing.
Net Register_File/n611: no routing.
Net Register_File/n612: no routing.
Net Register_File/n613: no routing.
Net Register_File/n614: no routing.
Net Register_File/n615: no routing.
Net Register_File/n616: no routing.
Net Register_File/n617: no routing.
Net Register_File/n618: no routing.
Net Register_File/n619: no routing.
Net Register_File/n620: no routing.
Net Register_File/n621: no routing.
Net Register_File/n622: no routing.
Net Register_File/n623: no routing.
Net Register_File/n624: no routing.
Net Register_File/n625: no routing.
Net Register_File/n626: no routing.
Net Register_File/n627: no routing.
Net Register_File/n628: no routing.
Net Register_File/n629: no routing.
Net Register_File/n630: no routing.
Net Register_File/n631: no routing.
Net Register_File/n632: no routing.
Net Register_File/n633: no routing.
Net Register_File/n634: no routing.
Net Register_File/n635: no routing.
Net Register_File/n636: no routing.
Net Register_File/n637: no routing.
Net Register_File/n638: no routing.
Net Register_File/n639: no routing.
Net Register_File/n640: no routing.
Net Register_File/n641: no routing.
Net Register_File/n642: no routing.
Net Register_File/n643: no routing.
Net Register_File/n644: no routing.
Net Register_File/n645: no routing.
Net Register_File/n646: no routing.
Net Register_File/n647: no routing.
Net Register_File/n648: no routing.
Net Register_File/n649: no routing.
Net Register_File/n650: no routing.
Net Register_File/n651: no routing.
Net Register_File/n652: no routing.
Net Register_File/n653: no routing.
Net Register_File/n654: no routing.
Net Register_File/n655: no routing.
Net Register_File/n656: no routing.
Net Register_File/n657: no routing.
Net Register_File/n658: no routing.
Net Register_File/n659: no routing.
Net Register_File/n660: no routing.
Net Register_File/n661: no routing.
Net Register_File/n662: no routing.
Net Register_File/n663: no routing.
Net Register_File/n664: no routing.
Net Register_File/n665: no routing.
Net Register_File/n666: no routing.
Net Register_File/n667: no routing.
Net Register_File/n668: no routing.
Net Register_File/n669: no routing.
Net Register_File/n670: no routing.
Net Register_File/n671: no routing.
Net Register_File/n672: no routing.
Net Register_File/n673: no routing.
Net Register_File/n674: no routing.
Net Register_File/n675: no routing.
Net Register_File/n676: no routing.
Net Register_File/n677: no routing.
Net Register_File/n678: no routing.
Net Register_File/n679: no routing.
Net Register_File/n680: no routing.
Net Register_File/n681: no routing.
Net Register_File/n682: no routing.
Net Register_File/n683: no routing.
Net Register_File/n684: no routing.
Net Register_File/n685: no routing.
Net Register_File/n686: no routing.
Net Register_File/n687: no routing.
Net Register_File/n688: no routing.
Net Register_File/n689: no routing.
Net Register_File/n690: no routing.
Net Register_File/n691: no routing.
Net Register_File/n692: no routing.
Net Register_File/n693: no routing.
Net Register_File/n694: no routing.
Net Register_File/n695: no routing.
Net Register_File/n696: no routing.
Net Register_File/n697: no routing.
Net Register_File/n698: no routing.
Net Register_File/n699: no routing.
Net Register_File/n700: no routing.
Net Register_File/n701: no routing.
Net Register_File/n702: no routing.
Net Register_File/n703: no routing.
Net Register_File/n704: no routing.
Net Register_File/n705: no routing.
Net Register_File/n706: no routing.
Net Register_File/n707: no routing.
Net Register_File/n708: no routing.
Net Register_File/n1: no routing.
Net ALU/arith_en: no routing.
Net ALU/cmp_en: no routing.
Net ALU/shift_en: no routing.
Net ALU/arith_valid: no routing.
Net ALU/logic_valid: no routing.
Net ALU/cmp_valid: no routing.
Net ALU/shift_valid: no routing.
Net ALU/n2: no routing.
Net ALU/n3: no routing.
Net ALU/n4: no routing.
Net ALU/n6: no routing.
Net ALU/n7: no routing.
Net ALU/n8: no routing.
Net ALU/n9: no routing.
Net ALU/n10: no routing.
Net ALU/n11: no routing.
Net ALU/n12: no routing.
Net ALU/n13: no routing.
Net ALU/n14: no routing.
Net ALU/n15: no routing.
Net ALU/n16: no routing.
Net ALU/n17: no routing.
Net ALU/n18: no routing.
Net ALU/n5: no routing.
Net ALU/n21: no routing.
Net ALU/n25: no routing.
Net ALU/n28: no routing.
Net ALU/n29: no routing.
Net ALU/n30: no routing.
Net ALU/n31: no routing.
Net ALU/n32: no routing.
Net ALU/n33: no routing.
Net ALU/n34: no routing.
Net ALU/arith_out[15]: no routing.
Net ALU/arith_out[14]: no routing.
Net ALU/arith_out[13]: no routing.
Net ALU/arith_out[12]: no routing.
Net ALU/arith_out[11]: no routing.
Net ALU/arith_out[10]: no routing.
Net ALU/arith_out[9]: no routing.
Net ALU/arith_out[8]: no routing.
Net ALU/arith_out[7]: no routing.
Net ALU/arith_out[6]: no routing.
Net ALU/arith_out[5]: no routing.
Net ALU/arith_out[4]: no routing.
Net ALU/arith_out[3]: no routing.
Net ALU/arith_out[2]: no routing.
Net ALU/arith_out[1]: no routing.
Net ALU/arith_out[0]: no routing.
**WARN: (SOCVFC-3):	Verify Connectivity stopped: Number of errors exceeds the limit 1000

Begin Summary 
    1000 Problem(s) [ 98]: Net has no global routing and no special routing.
    1000 total info(s) created.
End Summary

End Time: Tue Oct  6 17:57:36 2026
******** End: VERIFY CONNECTIVITY ********
  Verification Complete : 1000 Viols.  0 Wrngs.
  (CPU Time: 0:00:00.1  MEM: 0.000M)

<CMD> clearClockDomains
<CMD> setClockDomains -all
setClockDomains -all 
**WARN: (SOCSYC-1873):	The setClockDomains -all option is unsupported in CTE mode 
<CMD> timeDesign -preCTS -idealClock -pathReports -drvReports -slackReports -numPaths 50 -prefix SYS_TOP_preCTS -outDir timingReports
-engine default                        # enums={feDC signalStorm default}, default=default, user setting
-signOff false                         # bool, default=false
*** Starting trialRoute (mem=397.9M) ***

There are 0 pin guide points passed to trialRoute.
Options:  -handlePreroute -keepMarkedOptRoutes -noPinGuide

Nr of prerouted/Fixed nets = 0
routingBox: (0 0) (480940 320940)
coreBox:    (12300 12300) (468940 308940)
Number of multi-gpin terms=210, multi-gpins=422, moved blk term=0/225

Phase 1a route (0:00:00.0 397.9M):
Est net length = 5.656e+04um = 3.040e+04H + 2.616e+04V
Usage: (16.7%H 19.1%V) = (3.732e+04um 4.832e+04um) = (18122 16837)
Obstruct: 147 = 0 (0.0%H) + 147 (2.3%V)
Overflow: 23 = 0 (0.00% H) + 23 (0.38% V)
Number obstruct path=36 reroute=0

Phase 1b route (0:00:00.0 397.9M):
Usage: (16.7%H 19.1%V) = (3.726e+04um 4.837e+04um) = (18090 16852)
Overflow: 25 = 0 (0.00% H) + 25 (0.40% V)

Phase 1c route (0:00:00.0 397.9M):
Usage: (16.6%H 19.0%V) = (3.718e+04um 4.830e+04um) = (18051 16830)
Overflow: 20 = 0 (0.00% H) + 20 (0.32% V)

Phase 1d route (0:00:00.0 397.9M):
Usage: (16.6%H 19.0%V) = (3.718e+04um 4.830e+04um) = (18051 16830)
Overflow: 18 = 0 (0.00% H) + 18 (0.28% V)

Phase 1e route (0:00:00.0 397.9M):
Usage: (16.6%H 19.1%V) = (3.719e+04um 4.832e+04um) = (18058 16835)
Overflow: 9 = 0 (0.00% H) + 9 (0.15% V)

Phase 1f route (0:00:00.0 397.9M):
Usage: (16.6%H 19.1%V) = (3.721e+04um 4.833e+04um) = (18065 16838)
Overflow: 4 = 0 (0.00% H) + 4 (0.06% V)

Congestion distribution:

Remain	cntH		cntV
--------------------------------------
 -1:	0	 0.00%	4	 0.06%
--------------------------------------
  0:	0	 0.00%	46	 0.74%
  1:	0	 0.00%	44	 0.71%
  2:	0	 0.00%	85	 1.38%
  3:	0	 0.00%	43	 0.70%
  4:	3	 0.05%	39	 0.63%
  5:	7	 0.11%	61	 0.99%
  6:	9	 0.14%	80	 1.29%
  7:	35	 0.55%	95	 1.54%
  8:	53	 0.84%	166	 2.69%
  9:	103	 1.63%	406	 6.57%
 10:	198	 3.13%	574	 9.29%
 11:	338	 5.34%	843	13.65%
 12:	582	 9.20%	1056	17.09%
 13:	809	12.79%	971	15.72%
 14:	1074	16.98%	817	13.22%
 15:	1187	18.77%	799	12.93%
 16:	1007	15.92%	13	 0.21%
 17:	590	 9.33%	15	 0.24%
 18:	215	 3.40%	15	 0.24%
 20:	115	 1.82%	6	 0.10%


Using detail cap. scale factor for clock nets.
Initializing multi-corner capacitance tables ... 
Initializing multi-corner resistance tables ...

*** Memory Usage v0.144 (Current mem = 397.863M, initial mem = 62.238M) ***
Phase 1l route (0:00:00.1 397.9M):


*** After '-updateRemainTrks' operation: 

Usage: (17.3%H 19.8%V) = (3.861e+04um 5.022e+04um) = (18745 17500)
Overflow: 25 = 0 (0.00% H) + 25 (0.40% V)

Congestion distribution:

Remain	cntH		cntV
--------------------------------------
 -3:	0	 0.00%	1	 0.02%
 -2:	0	 0.00%	3	 0.05%
 -1:	0	 0.00%	19	 0.31%
--------------------------------------
  0:	0	 0.00%	40	 0.65%
  1:	0	 0.00%	49	 0.79%
  2:	0	 0.00%	79	 1.28%
  3:	0	 0.00%	51	 0.83%
  4:	7	 0.11%	46	 0.74%
  5:	10	 0.16%	61	 0.99%
  6:	20	 0.32%	87	 1.41%
  7:	38	 0.60%	110	 1.78%
  8:	63	 1.00%	201	 3.25%
  9:	119	 1.88%	385	 6.23%
 10:	211	 3.34%	559	 9.05%
 11:	379	 5.99%	809	13.09%
 12:	589	 9.31%	1052	17.03%
 13:	794	12.55%	956	15.47%
 14:	1080	17.08%	823	13.32%
 15:	1139	18.01%	796	12.88%
 16:	988	15.62%	15	 0.24%
 17:	566	 8.95%	15	 0.24%
 18:	207	 3.27%	15	 0.24%
 20:	115	 1.82%	6	 0.10%



*** Completed Phase 1 route (0:00:00.1 397.9M) ***


Total length: 5.920e+04um, number of vias: 19154
M1(H) length: 2.132e+00um, number of vias: 9376
M2(V) length: 2.146e+04um, number of vias: 8084
M3(H) length: 2.584e+04um, number of vias: 1335
M4(V) length: 7.471e+03um, number of vias: 326
M5(H) length: 4.120e+03um, number of vias: 31
M6(V) length: 3.050e+02um, number of vias: 2
M7(H) length: 6.560e+00um
*** Completed Phase 2 route (0:00:00.0 397.9M) ***

*** Finished all Phases (cpu=0:00:00.1 mem=397.9M) ***
Peak Memory Usage was 397.9M 
*** Finished trialRoute (cpu=0:00:00.2 mem=397.9M) ***

Default RC Extraction called for design SYS_TOP.
RC Extraction called in multi-corner(1) mode.
RCMode: Default
      RC Corner Indexes            0   
Capacitance Scaling Factor   : 1.00000 
Coupling Cap. Scaling Factor : 1.00000 
Resistance Scaling Factor    : 1.00000 
Shrink Factor                : 1.00000
Default RC extraction is honoring NDR/Shielding/ExtraSpace for clock nets.
Using detail cap. scale factor for clock nets.
Initializing multi-corner capacitance tables ... 
Initializing multi-corner resistance tables ...
Default RC Extraction DONE (CPU Time: 0:00:00.0  Real Time: 0:00:00.0  MEM: 397.863M)
Found active setup analysis view setup1_analysis_view
Found active setup analysis view setup2_analysis_view
Found active setup analysis view setup3_analysis_view
Found active hold analysis view hold1_analysis_view
Found active hold analysis view hold2_analysis_view
Found active hold analysis view hold3_analysis_view

------------------------------------------------------------
          timeDesign Summary                             
------------------------------------------------------------

+--------------------+---------+---------+---------+---------+---------+---------+
|     Setup mode     |   all   | reg2reg | in2reg  | reg2out | in2out  | clkgate |
+--------------------+---------+---------+---------+---------+---------+---------+
|           WNS (ns):|  3.291  |  3.291  | 16.804  | 78.670  |   N/A   | 18.111  |
|           TNS (ns):|  0.000  |  0.000  |  0.000  |  0.000  |   N/A   |  0.000  |
|    Violating Paths:|    0    |    0    |    0    |    0    |   N/A   |    0    |
|          All Paths:|  1062   |  1048   |   326   |    7    |   N/A   |    1    |
+--------------------+---------+---------+---------+---------+---------+---------+

+----------------+---------------------------+--------------+
|                |            Real           |     Total    |
|    DRVs        +--------------+------------+--------------|
|                |Nr nets(terms)| Worst Vio  |Nr nets(terms)|
+----------------+--------------+------------+--------------+
|   max_cap      |    0 (0)     |   0.000    |    1 (1)     |
|   max_tran     |    0 (0)     |   0.000    |    0 (0)     |
|   max_fanout   |    0 (0)     |     0      |    0 (0)     |
+----------------+--------------+------------+--------------+

Density: 87.988%
Routing Overflow: 0.00% H and 0.40% V
------------------------------------------------------------
Reported timing to dir timingReports
Total CPU time: 0.73 sec
Total Real time: 1.0 sec
Total Memory Usage: 397.863281 Mbytes
<CMD> clearClockDomains
<CMD> setClockDomains -all
setClockDomains -all 
**WARN: (SOCSYC-1873):	The setClockDomains -all option is unsupported in CTE mode 
<CMD> timeDesign -preCTS -hold -idealClock -pathReports -slackReports -numPaths 50 -prefix SYS_TOP_preCTS -outDir timingReports
-engine default                        # enums={feDC signalStorm default}, default=default, user setting
-signOff false                         # bool, default=false
*** Starting trialRoute (mem=397.9M) ***

There are 0 pin guide points passed to trialRoute.
Options:  -handlePreroute -keepMarkedOptRoutes -noPinGuide

Nr of prerouted/Fixed nets = 0
routingBox: (0 0) (480940 320940)
coreBox:    (12300 12300) (468940 308940)
Number of multi-gpin terms=210, multi-gpins=422, moved blk term=0/225

Phase 1a route (0:00:00.0 397.9M):
Est net length = 5.656e+04um = 3.040e+04H + 2.616e+04V
Usage: (16.7%H 19.1%V) = (3.732e+04um 4.832e+04um) = (18122 16837)
Obstruct: 147 = 0 (0.0%H) + 147 (2.3%V)
Overflow: 23 = 0 (0.00% H) + 23 (0.38% V)
Number obstruct path=36 reroute=0

Phase 1b route (0:00:00.0 397.9M):
Usage: (16.7%H 19.1%V) = (3.726e+04um 4.837e+04um) = (18090 16852)
Overflow: 25 = 0 (0.00% H) + 25 (0.40% V)

Phase 1c route (0:00:00.0 397.9M):
Usage: (16.6%H 19.0%V) = (3.718e+04um 4.830e+04um) = (18051 16830)
Overflow: 20 = 0 (0.00% H) + 20 (0.32% V)

Phase 1d route (0:00:00.0 397.9M):
Usage: (16.6%H 19.0%V) = (3.718e+04um 4.830e+04um) = (18051 16830)
Overflow: 18 = 0 (0.00% H) + 18 (0.28% V)

Phase 1e route (0:00:00.0 397.9M):
Usage: (16.6%H 19.1%V) = (3.719e+04um 4.832e+04um) = (18058 16835)
Overflow: 9 = 0 (0.00% H) + 9 (0.15% V)

Phase 1f route (0:00:00.0 397.9M):
Usage: (16.6%H 19.1%V) = (3.721e+04um 4.833e+04um) = (18065 16838)
Overflow: 4 = 0 (0.00% H) + 4 (0.06% V)

Congestion distribution:

Remain	cntH		cntV
--------------------------------------
 -1:	0	 0.00%	4	 0.06%
--------------------------------------
  0:	0	 0.00%	46	 0.74%
  1:	0	 0.00%	44	 0.71%
  2:	0	 0.00%	85	 1.38%
  3:	0	 0.00%	43	 0.70%
  4:	3	 0.05%	39	 0.63%
  5:	7	 0.11%	61	 0.99%
  6:	9	 0.14%	80	 1.29%
  7:	35	 0.55%	95	 1.54%
  8:	53	 0.84%	166	 2.69%
  9:	103	 1.63%	406	 6.57%
 10:	198	 3.13%	574	 9.29%
 11:	338	 5.34%	843	13.65%
 12:	582	 9.20%	1056	17.09%
 13:	809	12.79%	971	15.72%
 14:	1074	16.98%	817	13.22%
 15:	1187	18.77%	799	12.93%
 16:	1007	15.92%	13	 0.21%
 17:	590	 9.33%	15	 0.24%
 18:	215	 3.40%	15	 0.24%
 20:	115	 1.82%	6	 0.10%


Using detail cap. scale factor for clock nets.
Initializing multi-corner capacitance tables ... 
Initializing multi-corner resistance tables ...

*** Memory Usage v0.144 (Current mem = 397.863M, initial mem = 62.238M) ***
Phase 1l route (0:00:00.1 397.9M):


*** After '-updateRemainTrks' operation: 

Usage: (17.3%H 19.8%V) = (3.861e+04um 5.022e+04um) = (18745 17500)
Overflow: 25 = 0 (0.00% H) + 25 (0.40% V)

Congestion distribution:

Remain	cntH		cntV
--------------------------------------
 -3:	0	 0.00%	1	 0.02%
 -2:	0	 0.00%	3	 0.05%
 -1:	0	 0.00%	19	 0.31%
--------------------------------------
  0:	0	 0.00%	40	 0.65%
  1:	0	 0.00%	49	 0.79%
  2:	0	 0.00%	79	 1.28%
  3:	0	 0.00%	51	 0.83%
  4:	7	 0.11%	46	 0.74%
  5:	10	 0.16%	61	 0.99%
  6:	20	 0.32%	87	 1.41%
  7:	38	 0.60%	110	 1.78%
  8:	63	 1.00%	201	 3.25%
  9:	119	 1.88%	385	 6.23%
 10:	211	 3.34%	559	 9.05%
 11:	379	 5.99%	809	13.09%
 12:	589	 9.31%	1052	17.03%
 13:	794	12.55%	956	15.47%
 14:	1080	17.08%	823	13.32%
 15:	1139	18.01%	796	12.88%
 16:	988	15.62%	15	 0.24%
 17:	566	 8.95%	15	 0.24%
 18:	207	 3.27%	15	 0.24%
 20:	115	 1.82%	6	 0.10%



*** Completed Phase 1 route (0:00:00.1 397.9M) ***


Total length: 5.920e+04um, number of vias: 19154
M1(H) length: 2.132e+00um, number of vias: 9376
M2(V) length: 2.146e+04um, number of vias: 8084
M3(H) length: 2.584e+04um, number of vias: 1335
M4(V) length: 7.471e+03um, number of vias: 326
M5(H) length: 4.120e+03um, number of vias: 31
M6(V) length: 3.050e+02um, number of vias: 2
M7(H) length: 6.560e+00um
*** Completed Phase 2 route (0:00:00.0 397.9M) ***

*** Finished all Phases (cpu=0:00:00.2 mem=397.9M) ***
Peak Memory Usage was 397.9M 
*** Finished trialRoute (cpu=0:00:00.2 mem=397.9M) ***

Default RC Extraction called for design SYS_TOP.
RC Extraction called in multi-corner(1) mode.
RCMode: Default
      RC Corner Indexes            0   
Capacitance Scaling Factor   : 1.00000 
Coupling Cap. Scaling Factor : 1.00000 
Resistance Scaling Factor    : 1.00000 
Shrink Factor                : 1.00000
Default RC extraction is honoring NDR/Shielding/ExtraSpace for clock nets.
Using detail cap. scale factor for clock nets.
Initializing multi-corner capacitance tables ... 
Initializing multi-corner resistance tables ...
Default RC Extraction DONE (CPU Time: 0:00:00.0  Real Time: 0:00:00.0  MEM: 397.863M)
Found active setup analysis view setup1_analysis_view
Found active setup analysis view setup2_analysis_view
Found active setup analysis view setup3_analysis_view
Found active hold analysis view hold1_analysis_view
Found active hold analysis view hold2_analysis_view
Found active hold analysis view hold3_analysis_view

------------------------------------------------------------
          timeDesign Summary                             
------------------------------------------------------------

+--------------------+---------+---------+---------+---------+---------+---------+
|     Hold mode      |   all   | reg2reg | in2reg  | reg2out | in2out  | clkgate |
+--------------------+---------+---------+---------+---------+---------+---------+
|           WNS (ns):|  0.092  |  0.093  |  0.092  |  4.218  |   N/A   |  0.298  |
|           TNS (ns):|  0.000  |  0.000  |  0.000  |  0.000  |   N/A   |  0.000  |
|    Violating Paths:|    0    |    0    |    0    |    0    |   N/A   |    0    |
|          All Paths:|  1062   |  1048   |   326   |    7    |   N/A   |    1    |
+--------------------+---------+---------+---------+---------+---------+---------+

Density: 87.988%
Routing Overflow: 0.00% H and 0.40% V
------------------------------------------------------------
Reported timing to dir timingReports
Total CPU time: 0.78 sec
Total Real time: 1.0 sec
Total Memory Usage: 397.863281 Mbytes
<CMD> getIoFlowFlag
<CMD> clockDesign -genSpecOnly Clock.ctstch
<clockDesign INFO> 'setCTSMode -routeClkNet true' is set inside clockDesign.

<clockDesign CMD> createClockTreeSpec -output Clock.ctstch

******* createClockTreeSpec begin *******
Options:  -output Clock.ctstch 
createClockTreeSpec extracts the buffer list automatically.
CTE Mode
*Info: Try to find ThroughPin for generated clock TX_CLK
*Info: Found ThroughPin: TX_Clock_Divider/clk_div_reg_reg (CK->Q)
*Info: Try to find ThroughPin for generated clock RX_CLK
*Info: Found ThroughPin: RX_Clock_Divider/clk_div_reg_reg (CK->Q)
*Info: Try to find ThroughPin for generated clock TX_CLK
*Info: Found ThroughPin: TX_Clock_Divider/clk_div_reg_reg (CK->Q)
*Info: Try to find ThroughPin for generated clock RX_CLK
*Info: Found ThroughPin: RX_Clock_Divider/clk_div_reg_reg (CK->Q)
*Info: Try to find ThroughPin for generated clock TX_CLK
*Info: Found ThroughPin: TX_Clock_Divider/clk_div_reg_reg (CK->Q)
*Info: Try to find ThroughPin for generated clock RX_CLK
*Info: Found ThroughPin: RX_Clock_Divider/clk_div_reg_reg (CK->Q)
*Info: Try to find ThroughPin for generated clock TX_CLK
*Info: Found ThroughPin: TX_Clock_Divider/clk_div_reg_reg (CK->Q)
*Info: Try to find ThroughPin for generated clock RX_CLK
*Info: Found ThroughPin: RX_Clock_Divider/clk_div_reg_reg (CK->Q)
*Info: Try to find ThroughPin for generated clock TX_CLK
*Info: Found ThroughPin: TX_Clock_Divider/clk_div_reg_reg (CK->Q)
*Info: Try to find ThroughPin for generated clock RX_CLK
*Info: Found ThroughPin: RX_Clock_Divider/clk_div_reg_reg (CK->Q)
*Info: Try to find ThroughPin for generated clock TX_CLK
*Info: Found ThroughPin: TX_Clock_Divider/clk_div_reg_reg (CK->Q)
*Info: Try to find ThroughPin for generated clock RX_CLK
*Info: Found ThroughPin: RX_Clock_Divider/clk_div_reg_reg (CK->Q)
Total 3 clock roots are extracted.
*** End createClockTreeSpec (cpu=0:00:00.0, real=0:00:00.0, mem=397.9M) ***
<CMD> clockDesign -specFile Clock.ctstch -outDir clock_report -fixedInstBeforeCTS
<clockDesign INFO> 'setCTSMode -routeClkNet true' is set inside clockDesign.

<clockDesign CMD> cleanupSpecifyClockTree
<clockDesign CMD> specifyClockTree -file Clock.ctstch

Reading clock tree spec file 'Clock.ctstch' ...

RouteType               : FE_CTS_DEFAULT
PreferredExtraSpace     : 1
Shield                  : NONE
PreferLayer             : M3 M4 
RC Information for View setup1_analysis_view :
Est. Cap                : 0.146248(V=0.139886 H=0.15261) (ff/um) [7.31238e-05]
Est. Res                : 1.15(V=1.05 H=1.25)(ohm/um) [0.000575]
Est. Via Res            : 4(ohm) [7.75]
Est. Via Cap            : 0.154152(ff)
M1(H) w=0.16(um) s=0.18(um) p=0.41(um) es=0.66(um) cap=0.157(ff/um) res=2.38(ohm/um) viaRes=0(ohm) viaCap=0(ff)
M2(V) w=0.2(um) s=0.21(um) p=0.41(um) es=0.62(um) cap=0.153(ff/um) res=1.25(ohm/um) viaRes=3.75(ohm) viaCap=0.164232(ff)
M3(H) w=0.2(um) s=0.21(um) p=0.41(um) es=0.62(um) cap=0.153(ff/um) res=1.25(ohm/um) viaRes=4(ohm) viaCap=0.160393(ff)
M4(V) w=0.2(um) s=0.21(um) p=0.41(um) es=0.62(um) cap=0.14(ff/um) res=1.05(ohm/um) viaRes=4(ohm) viaCap=0.154152(ff)
M5(H) w=0.2(um) s=0.21(um) p=0.41(um) es=0.62(um) cap=0.106(ff/um) res=1.05(ohm/um) viaRes=2.4(ohm) viaCap=0.130276(ff)
M6(V) w=0.2(um) s=0.21(um) p=0.41(um) es=0.62(um) cap=0.106(ff/um) res=1.05(ohm/um) viaRes=2.4(ohm) viaCap=0.110787(ff)
M7(H) w=0.4(um) s=0.42(um) p=0.82(um) es=1.24(um) cap=0.133(ff/um) res=0.188(ohm/um) viaRes=2.33333(ohm) viaCap=0.220695(ff)

RC Information for View setup2_analysis_view :
Est. Cap                : 0.146248(V=0.139886 H=0.15261) (ff/um) [7.31238e-05]
Est. Res                : 1.15(V=1.05 H=1.25)(ohm/um) [0.000575]
Est. Via Res            : 4(ohm) [7.75]
Est. Via Cap            : 0.154152(ff)
M1(H) w=0.16(um) s=0.18(um) p=0.41(um) es=0.66(um) cap=0.157(ff/um) res=2.38(ohm/um) viaRes=0(ohm) viaCap=0(ff)
M2(V) w=0.2(um) s=0.21(um) p=0.41(um) es=0.62(um) cap=0.153(ff/um) res=1.25(ohm/um) viaRes=3.75(ohm) viaCap=0.164232(ff)
M3(H) w=0.2(um) s=0.21(um) p=0.41(um) es=0.62(um) cap=0.153(ff/um) res=1.25(ohm/um) viaRes=4(ohm) viaCap=0.160393(ff)
M4(V) w=0.2(um) s=0.21(um) p=0.41(um) es=0.62(um) cap=0.14(ff/um) res=1.05(ohm/um) viaRes=4(ohm) viaCap=0.154152(ff)
M5(H) w=0.2(um) s=0.21(um) p=0.41(um) es=0.62(um) cap=0.106(ff/um) res=1.05(ohm/um) viaRes=2.4(ohm) viaCap=0.130276(ff)
M6(V) w=0.2(um) s=0.21(um) p=0.41(um) es=0.62(um) cap=0.106(ff/um) res=1.05(ohm/um) viaRes=2.4(ohm) viaCap=0.110787(ff)
M7(H) w=0.4(um) s=0.42(um) p=0.82(um) es=1.24(um) cap=0.133(ff/um) res=0.188(ohm/um) viaRes=2.33333(ohm) viaCap=0.220695(ff)

RC Information for View setup3_analysis_view :
Est. Cap                : 0.146248(V=0.139886 H=0.15261) (ff/um) [7.31238e-05]
Est. Res                : 1.15(V=1.05 H=1.25)(ohm/um) [0.000575]
Est. Via Res            : 4(ohm) [7.75]
Est. Via Cap            : 0.154152(ff)
M1(H) w=0.16(um) s=0.18(um) p=0.41(um) es=0.66(um) cap=0.157(ff/um) res=2.38(ohm/um) viaRes=0(ohm) viaCap=0(ff)
M2(V) w=0.2(um) s=0.21(um) p=0.41(um) es=0.62(um) cap=0.153(ff/um) res=1.25(ohm/um) viaRes=3.75(ohm) viaCap=0.164232(ff)
M3(H) w=0.2(um) s=0.21(um) p=0.41(um) es=0.62(um) cap=0.153(ff/um) res=1.25(ohm/um) viaRes=4(ohm) viaCap=0.160393(ff)
M4(V) w=0.2(um) s=0.21(um) p=0.41(um) es=0.62(um) cap=0.14(ff/um) res=1.05(ohm/um) viaRes=4(ohm) viaCap=0.154152(ff)
M5(H) w=0.2(um) s=0.21(um) p=0.41(um) es=0.62(um) cap=0.106(ff/um) res=1.05(ohm/um) viaRes=2.4(ohm) viaCap=0.130276(ff)
M6(V) w=0.2(um) s=0.21(um) p=0.41(um) es=0.62(um) cap=0.106(ff/um) res=1.05(ohm/um) viaRes=2.4(ohm) viaCap=0.110787(ff)
M7(H) w=0.4(um) s=0.42(um) p=0.82(um) es=1.24(um) cap=0.133(ff/um) res=0.188(ohm/um) viaRes=2.33333(ohm) viaCap=0.220695(ff)

RC Information for View hold1_analysis_view :
Est. Cap                : 0.146248(V=0.139886 H=0.15261) (ff/um) [7.31238e-05]
Est. Res                : 1.15(V=1.05 H=1.25)(ohm/um) [0.000575]
Est. Via Res            : 4(ohm) [7.75]
Est. Via Cap            : 0.154152(ff)
M1(H) w=0.16(um) s=0.18(um) p=0.41(um) es=0.66(um) cap=0.157(ff/um) res=2.38(ohm/um) viaRes=0(ohm) viaCap=0(ff)
M2(V) w=0.2(um) s=0.21(um) p=0.41(um) es=0.62(um) cap=0.153(ff/um) res=1.25(ohm/um) viaRes=3.75(ohm) viaCap=0.164232(ff)
M3(H) w=0.2(um) s=0.21(um) p=0.41(um) es=0.62(um) cap=0.153(ff/um) res=1.25(ohm/um) viaRes=4(ohm) viaCap=0.160393(ff)
M4(V) w=0.2(um) s=0.21(um) p=0.41(um) es=0.62(um) cap=0.14(ff/um) res=1.05(ohm/um) viaRes=4(ohm) viaCap=0.154152(ff)
M5(H) w=0.2(um) s=0.21(um) p=0.41(um) es=0.62(um) cap=0.106(ff/um) res=1.05(ohm/um) viaRes=2.4(ohm) viaCap=0.130276(ff)
M6(V) w=0.2(um) s=0.21(um) p=0.41(um) es=0.62(um) cap=0.106(ff/um) res=1.05(ohm/um) viaRes=2.4(ohm) viaCap=0.110787(ff)
M7(H) w=0.4(um) s=0.42(um) p=0.82(um) es=1.24(um) cap=0.133(ff/um) res=0.188(ohm/um) viaRes=2.33333(ohm) viaCap=0.220695(ff)

RC Information for View hold2_analysis_view :
Est. Cap                : 0.146248(V=0.139886 H=0.15261) (ff/um) [7.31238e-05]
Est. Res                : 1.15(V=1.05 H=1.25)(ohm/um) [0.000575]
Est. Via Res            : 4(ohm) [7.75]
Est. Via Cap            : 0.154152(ff)
M1(H) w=0.16(um) s=0.18(um) p=0.41(um) es=0.66(um) cap=0.157(ff/um) res=2.38(ohm/um) viaRes=0(ohm) viaCap=0(ff)
M2(V) w=0.2(um) s=0.21(um) p=0.41(um) es=0.62(um) cap=0.153(ff/um) res=1.25(ohm/um) viaRes=3.75(ohm) viaCap=0.164232(ff)
M3(H) w=0.2(um) s=0.21(um) p=0.41(um) es=0.62(um) cap=0.153(ff/um) res=1.25(ohm/um) viaRes=4(ohm) viaCap=0.160393(ff)
M4(V) w=0.2(um) s=0.21(um) p=0.41(um) es=0.62(um) cap=0.14(ff/um) res=1.05(ohm/um) viaRes=4(ohm) viaCap=0.154152(ff)
M5(H) w=0.2(um) s=0.21(um) p=0.41(um) es=0.62(um) cap=0.106(ff/um) res=1.05(ohm/um) viaRes=2.4(ohm) viaCap=0.130276(ff)
M6(V) w=0.2(um) s=0.21(um) p=0.41(um) es=0.62(um) cap=0.106(ff/um) res=1.05(ohm/um) viaRes=2.4(ohm) viaCap=0.110787(ff)
M7(H) w=0.4(um) s=0.42(um) p=0.82(um) es=1.24(um) cap=0.133(ff/um) res=0.188(ohm/um) viaRes=2.33333(ohm) viaCap=0.220695(ff)

RC Information for View hold3_analysis_view :
Est. Cap                : 0.146248(V=0.139886 H=0.15261) (ff/um) [7.31238e-05]
Est. Res                : 1.15(V=1.05 H=1.25)(ohm/um) [0.000575]
Est. Via Res            : 4(ohm) [7.75]
Est. Via Cap            : 0.154152(ff)
M1(H) w=0.16(um) s=0.18(um) p=0.41(um) es=0.66(um) cap=0.157(ff/um) res=2.38(ohm/um) viaRes=0(ohm) viaCap=0(ff)
M2(V) w=0.2(um) s=0.21(um) p=0.41(um) es=0.62(um) cap=0.153(ff/um) res=1.25(ohm/um) viaRes=3.75(ohm) viaCap=0.164232(ff)
M3(H) w=0.2(um) s=0.21(um) p=0.41(um) es=0.62(um) cap=0.153(ff/um) res=1.25(ohm/um) viaRes=4(ohm) viaCap=0.160393(ff)
M4(V) w=0.2(um) s=0.21(um) p=0.41(um) es=0.62(um) cap=0.14(ff/um) res=1.05(ohm/um) viaRes=4(ohm) viaCap=0.154152(ff)
M5(H) w=0.2(um) s=0.21(um) p=0.41(um) es=0.62(um) cap=0.106(ff/um) res=1.05(ohm/um) viaRes=2.4(ohm) viaCap=0.130276(ff)
M6(V) w=0.2(um) s=0.21(um) p=0.41(um) es=0.62(um) cap=0.106(ff/um) res=1.05(ohm/um) viaRes=2.4(ohm) viaCap=0.110787(ff)
M7(H) w=0.4(um) s=0.42(um) p=0.82(um) es=1.24(um) cap=0.133(ff/um) res=0.188(ohm/um) viaRes=2.33333(ohm) viaCap=0.220695(ff)

RouteType               : FE_CTS_DEFAULT_LEAF
PreferredExtraSpace     : 1
Shield                  : NONE
PreferLayer             : M3 M4 
RC Information for View setup1_analysis_view :
Est. Cap                : 0.146248(V=0.139886 H=0.15261) (ff/um) [7.31238e-05]
Est. Res                : 1.15(V=1.05 H=1.25)(ohm/um) [0.000575]
Est. Via Res            : 4(ohm) [7.75]
Est. Via Cap            : 0.154152(ff)
M1(H) w=0.16(um) s=0.18(um) p=0.41(um) es=0.66(um) cap=0.157(ff/um) res=2.38(ohm/um) viaRes=0(ohm) viaCap=0(ff)
M2(V) w=0.2(um) s=0.21(um) p=0.41(um) es=0.62(um) cap=0.153(ff/um) res=1.25(ohm/um) viaRes=3.75(ohm) viaCap=0.164232(ff)
M3(H) w=0.2(um) s=0.21(um) p=0.41(um) es=0.62(um) cap=0.153(ff/um) res=1.25(ohm/um) viaRes=4(ohm) viaCap=0.160393(ff)
M4(V) w=0.2(um) s=0.21(um) p=0.41(um) es=0.62(um) cap=0.14(ff/um) res=1.05(ohm/um) viaRes=4(ohm) viaCap=0.154152(ff)
M5(H) w=0.2(um) s=0.21(um) p=0.41(um) es=0.62(um) cap=0.106(ff/um) res=1.05(ohm/um) viaRes=2.4(ohm) viaCap=0.130276(ff)
M6(V) w=0.2(um) s=0.21(um) p=0.41(um) es=0.62(um) cap=0.106(ff/um) res=1.05(ohm/um) viaRes=2.4(ohm) viaCap=0.110787(ff)
M7(H) w=0.4(um) s=0.42(um) p=0.82(um) es=1.24(um) cap=0.133(ff/um) res=0.188(ohm/um) viaRes=2.33333(ohm) viaCap=0.220695(ff)

RC Information for View setup2_analysis_view :
Est. Cap                : 0.146248(V=0.139886 H=0.15261) (ff/um) [7.31238e-05]
Est. Res                : 1.15(V=1.05 H=1.25)(ohm/um) [0.000575]
Est. Via Res            : 4(ohm) [7.75]
Est. Via Cap            : 0.154152(ff)
M1(H) w=0.16(um) s=0.18(um) p=0.41(um) es=0.66(um) cap=0.157(ff/um) res=2.38(ohm/um) viaRes=0(ohm) viaCap=0(ff)
M2(V) w=0.2(um) s=0.21(um) p=0.41(um) es=0.62(um) cap=0.153(ff/um) res=1.25(ohm/um) viaRes=3.75(ohm) viaCap=0.164232(ff)
M3(H) w=0.2(um) s=0.21(um) p=0.41(um) es=0.62(um) cap=0.153(ff/um) res=1.25(ohm/um) viaRes=4(ohm) viaCap=0.160393(ff)
M4(V) w=0.2(um) s=0.21(um) p=0.41(um) es=0.62(um) cap=0.14(ff/um) res=1.05(ohm/um) viaRes=4(ohm) viaCap=0.154152(ff)
M5(H) w=0.2(um) s=0.21(um) p=0.41(um) es=0.62(um) cap=0.106(ff/um) res=1.05(ohm/um) viaRes=2.4(ohm) viaCap=0.130276(ff)
M6(V) w=0.2(um) s=0.21(um) p=0.41(um) es=0.62(um) cap=0.106(ff/um) res=1.05(ohm/um) viaRes=2.4(ohm) viaCap=0.110787(ff)
M7(H) w=0.4(um) s=0.42(um) p=0.82(um) es=1.24(um) cap=0.133(ff/um) res=0.188(ohm/um) viaRes=2.33333(ohm) viaCap=0.220695(ff)

RC Information for View setup3_analysis_view :
Est. Cap                : 0.146248(V=0.139886 H=0.15261) (ff/um) [7.31238e-05]
Est. Res                : 1.15(V=1.05 H=1.25)(ohm/um) [0.000575]
Est. Via Res            : 4(ohm) [7.75]
Est. Via Cap            : 0.154152(ff)
M1(H) w=0.16(um) s=0.18(um) p=0.41(um) es=0.66(um) cap=0.157(ff/um) res=2.38(ohm/um) viaRes=0(ohm) viaCap=0(ff)
M2(V) w=0.2(um) s=0.21(um) p=0.41(um) es=0.62(um) cap=0.153(ff/um) res=1.25(ohm/um) viaRes=3.75(ohm) viaCap=0.164232(ff)
M3(H) w=0.2(um) s=0.21(um) p=0.41(um) es=0.62(um) cap=0.153(ff/um) res=1.25(ohm/um) viaRes=4(ohm) viaCap=0.160393(ff)
M4(V) w=0.2(um) s=0.21(um) p=0.41(um) es=0.62(um) cap=0.14(ff/um) res=1.05(ohm/um) viaRes=4(ohm) viaCap=0.154152(ff)
M5(H) w=0.2(um) s=0.21(um) p=0.41(um) es=0.62(um) cap=0.106(ff/um) res=1.05(ohm/um) viaRes=2.4(ohm) viaCap=0.130276(ff)
M6(V) w=0.2(um) s=0.21(um) p=0.41(um) es=0.62(um) cap=0.106(ff/um) res=1.05(ohm/um) viaRes=2.4(ohm) viaCap=0.110787(ff)
M7(H) w=0.4(um) s=0.42(um) p=0.82(um) es=1.24(um) cap=0.133(ff/um) res=0.188(ohm/um) viaRes=2.33333(ohm) viaCap=0.220695(ff)

RC Information for View hold1_analysis_view :
Est. Cap                : 0.146248(V=0.139886 H=0.15261) (ff/um) [7.31238e-05]
Est. Res                : 1.15(V=1.05 H=1.25)(ohm/um) [0.000575]
Est. Via Res            : 4(ohm) [7.75]
Est. Via Cap            : 0.154152(ff)
M1(H) w=0.16(um) s=0.18(um) p=0.41(um) es=0.66(um) cap=0.157(ff/um) res=2.38(ohm/um) viaRes=0(ohm) viaCap=0(ff)
M2(V) w=0.2(um) s=0.21(um) p=0.41(um) es=0.62(um) cap=0.153(ff/um) res=1.25(ohm/um) viaRes=3.75(ohm) viaCap=0.164232(ff)
M3(H) w=0.2(um) s=0.21(um) p=0.41(um) es=0.62(um) cap=0.153(ff/um) res=1.25(ohm/um) viaRes=4(ohm) viaCap=0.160393(ff)
M4(V) w=0.2(um) s=0.21(um) p=0.41(um) es=0.62(um) cap=0.14(ff/um) res=1.05(ohm/um) viaRes=4(ohm) viaCap=0.154152(ff)
M5(H) w=0.2(um) s=0.21(um) p=0.41(um) es=0.62(um) cap=0.106(ff/um) res=1.05(ohm/um) viaRes=2.4(ohm) viaCap=0.130276(ff)
M6(V) w=0.2(um) s=0.21(um) p=0.41(um) es=0.62(um) cap=0.106(ff/um) res=1.05(ohm/um) viaRes=2.4(ohm) viaCap=0.110787(ff)
M7(H) w=0.4(um) s=0.42(um) p=0.82(um) es=1.24(um) cap=0.133(ff/um) res=0.188(ohm/um) viaRes=2.33333(ohm) viaCap=0.220695(ff)

RC Information for View hold2_analysis_view :
Est. Cap                : 0.146248(V=0.139886 H=0.15261) (ff/um) [7.31238e-05]
Est. Res                : 1.15(V=1.05 H=1.25)(ohm/um) [0.000575]
Est. Via Res            : 4(ohm) [7.75]
Est. Via Cap            : 0.154152(ff)
M1(H) w=0.16(um) s=0.18(um) p=0.41(um) es=0.66(um) cap=0.157(ff/um) res=2.38(ohm/um) viaRes=0(ohm) viaCap=0(ff)
M2(V) w=0.2(um) s=0.21(um) p=0.41(um) es=0.62(um) cap=0.153(ff/um) res=1.25(ohm/um) viaRes=3.75(ohm) viaCap=0.164232(ff)
M3(H) w=0.2(um) s=0.21(um) p=0.41(um) es=0.62(um) cap=0.153(ff/um) res=1.25(ohm/um) viaRes=4(ohm) viaCap=0.160393(ff)
M4(V) w=0.2(um) s=0.21(um) p=0.41(um) es=0.62(um) cap=0.14(ff/um) res=1.05(ohm/um) viaRes=4(ohm) viaCap=0.154152(ff)
M5(H) w=0.2(um) s=0.21(um) p=0.41(um) es=0.62(um) cap=0.106(ff/um) res=1.05(ohm/um) viaRes=2.4(ohm) viaCap=0.130276(ff)
M6(V) w=0.2(um) s=0.21(um) p=0.41(um) es=0.62(um) cap=0.106(ff/um) res=1.05(ohm/um) viaRes=2.4(ohm) viaCap=0.110787(ff)
M7(H) w=0.4(um) s=0.42(um) p=0.82(um) es=1.24(um) cap=0.133(ff/um) res=0.188(ohm/um) viaRes=2.33333(ohm) viaCap=0.220695(ff)

RC Information for View hold3_analysis_view :
Est. Cap                : 0.146248(V=0.139886 H=0.15261) (ff/um) [7.31238e-05]
Est. Res                : 1.15(V=1.05 H=1.25)(ohm/um) [0.000575]
Est. Via Res            : 4(ohm) [7.75]
Est. Via Cap            : 0.154152(ff)
M1(H) w=0.16(um) s=0.18(um) p=0.41(um) es=0.66(um) cap=0.157(ff/um) res=2.38(ohm/um) viaRes=0(ohm) viaCap=0(ff)
M2(V) w=0.2(um) s=0.21(um) p=0.41(um) es=0.62(um) cap=0.153(ff/um) res=1.25(ohm/um) viaRes=3.75(ohm) viaCap=0.164232(ff)
M3(H) w=0.2(um) s=0.21(um) p=0.41(um) es=0.62(um) cap=0.153(ff/um) res=1.25(ohm/um) viaRes=4(ohm) viaCap=0.160393(ff)
M4(V) w=0.2(um) s=0.21(um) p=0.41(um) es=0.62(um) cap=0.14(ff/um) res=1.05(ohm/um) viaRes=4(ohm) viaCap=0.154152(ff)
M5(H) w=0.2(um) s=0.21(um) p=0.41(um) es=0.62(um) cap=0.106(ff/um) res=1.05(ohm/um) viaRes=2.4(ohm) viaCap=0.130276(ff)
M6(V) w=0.2(um) s=0.21(um) p=0.41(um) es=0.62(um) cap=0.106(ff/um) res=1.05(ohm/um) viaRes=2.4(ohm) viaCap=0.110787(ff)
M7(H) w=0.4(um) s=0.42(um) p=0.82(um) es=1.24(um) cap=0.133(ff/um) res=0.188(ohm/um) viaRes=2.33333(ohm) viaCap=0.220695(ff)

Active Analysis Views for CTS are,
#1 setup1_analysis_view
#2 setup2_analysis_view
#3 setup3_analysis_view
#4 hold1_analysis_view
#5 hold2_analysis_view
#6 hold3_analysis_view
Default Analysis Views is setup1_analysis_view


****** AutoClockRootPin ******
AutoClockRootPin 1: scan_clk
# NoGating         NO
# SetDPinAsSync    NO
# SetIoPinAsSync   NO
# SetAsyncSRPinAsSync   NO
# SetTriStEnPinAsSync   NO
# SetBBoxPinAsSync   NO
# RouteClkNet      YES
# PostOpt          YES
# RouteType        FE_CTS_DEFAULT
# LeafRouteType    FE_CTS_DEFAULT_LEAF
AutoClockRootPin 2: UART_CLK
# NoGating         NO
# SetDPinAsSync    NO
# SetIoPinAsSync   NO
# SetAsyncSRPinAsSync   NO
# SetTriStEnPinAsSync   NO
# SetBBoxPinAsSync   NO
# RouteClkNet      YES
# PostOpt          YES
# RouteType        FE_CTS_DEFAULT
# LeafRouteType    FE_CTS_DEFAULT_LEAF
AutoClockRootPin 3: REF_CLK
# NoGating         NO
# SetDPinAsSync    NO
# SetIoPinAsSync   NO
# SetAsyncSRPinAsSync   NO
# SetTriStEnPinAsSync   NO
# SetBBoxPinAsSync   NO
# RouteClkNet      YES
# PostOpt          YES
# RouteType        FE_CTS_DEFAULT
# LeafRouteType    FE_CTS_DEFAULT_LEAF

***** !! NOTE !! *****

CTS treats D-pins and I/O pins as non-synchronous pins by default.
If you want to change the behavior, you need to use the SetDPinAsSync
or SetIoPinAsSync statement in the clock tree specification file,
or use the setCTSMode -traceDPinAsLeaf {true|false} command,
or use the setCTSMode -traceIoPinAsLeaf {true|false} command
before specifyClockTree command.

*** End specifyClockTree (cpu=0:00:00.0, real=0:00:00.0, mem=397.9M) ***
<clockDesign CMD> changeClockStatus -all -fixedBuffers
Redoing specifyClockTree  -file Clock.ctstch  ...

changeClockStatus Option :  -all -fixedBuffers 
*** Changed status on (290) instances, and (0) nets in Clock REF_CLK.
*** Changed status on (93) instances, and (0) nets in Clock UART_CLK.
*** Changed status on (0) instances, and (0) nets in Clock scan_clk.
*** End changeClockStatus (cpu=0:00:00.0, real=0:00:00.0, mem=397.9M) ***
<clockDesign CMD> deleteClockTree -all
Redoing specifyClockTree  -file Clock.ctstch  ...

deleteClockTree Option :  -all 
*** 0 Buffers found to be either having FIXED attribute or constraints on it. deleteClockTree may not delete them.*** 
*** Use changeClockStatus to change the FIXED status. ***
*** Removed (0) buffers and (0) inverters in Clock REF_CLK.
*** 0 Buffers found to be either having FIXED attribute or constraints on it. deleteClockTree may not delete them.*** 
*** Use changeClockStatus to change the FIXED status. ***
*** Removed (0) buffers and (0) inverters in Clock UART_CLK.
*** 0 Buffers found to be either having FIXED attribute or constraints on it. deleteClockTree may not delete them.*** 
*** Use changeClockStatus to change the FIXED status. ***
*** Removed (0) buffers and (0) inverters in Clock scan_clk.
***** Delete Clock Tree Finished (CPU Time: 0:00:00.0  MEM: 397.863M)
*** End deleteClockTree (cpu=0:00:00.0, real=0:00:00.0, mem=397.9M) ***
<clockDesign CMD> ckSynthesis -report clock_report/clock.report -forceReconvergent -breakLoop
Redoing specifyClockTree  -file Clock.ctstch  ...
*** Calculating scaling factor for max libraries using the default operating condition of each library.


ckSynthesis Option :  -report clock_report/clock.report -forceReconvergent -breakLoop 
***** Allocate Placement Memory Finished (MEM: 397.863M)

Start to trace clock trees ...
*** Begin Tracer (mem=397.9M) ***
Tracing Clock scan_clk ...
Tracing Clock UART_CLK ...
 ** Pin UART_CLK_MUX/U1/Y is a crossover pin between Clock scan_clk and UART_CLK
Tracing Clock REF_CLK ...
 ** Pin REF_CLK_MUX/U1/Y is a crossover pin between Clock scan_clk and REF_CLK
*** End Tracer (mem=397.9M) ***
***** Allocate Obstruction Memory  Finished (MEM: 397.863M)

****** Clock Tree (scan_clk) Structure
Max. Skew           : 200(ps)
Max. Sink Transition: 50(ps)
Max. Buf Transition : 50(ps)
Max. Delay          : 100000(ps)
Min. Delay          : 0(ps)
Buffer              : (CLKINVX6M) (BUFX8M) (CLKINVX8M) (BUFX10M) (CLKINVX12M) (BUFX12M) (CLKBUFX12M) (BUFX14M) (CLKBUFX16M) (BUFX16M) (CLKINVX16M) (BUFX18M) (BUFX20M) (CLKINVX20M) (CLKBUFX20M) (CLKBUFX24M) (BUFX24M) (CLKINVX24M) (CLKBUFX32M) (BUFX32M) (CLKINVX32M) (CLKBUFX40M) (CLKINVX40M) 
Nr. Subtrees                    : 10
Nr. Sinks                       : 372
Nr.          Rising  Sync Pins  : 372
Nr. Inverter Rising  Sync Pins  : 0
Nr.          Falling Sync Pins  : 0
Nr. Inverter Falling Sync Pins  : 0
***********************************************************
SubTree No: 0

Input_Pin:  (RX_CLK_MUX/U1/B)
Output_Pin: (RX_CLK_MUX/U1/Y)
Output_Net: (RX_CLK_M)   
**** CK_START: TopDown Tree Construction for RX_CLK_M (32-leaf) (maxFan=50) (mem=397.9M)

Find 0 route_obs, 1 place_obs, 0 cut_obs  1 fence channel(s), 
 1 channel(s).
Trig. Edge Skew=2[422,424] trVio=B56(122)ps N32 B4 G1 A14(13.6) L[4,4] C2/1 score=8650 cpu=0:00:00.0 mem=398M 

**** CK_END: TopDown Tree Construction for RX_CLK_M (cpu=0:00:00.7, real=0:00:01.0, mem=397.9M)



**** CK_START: Update Database (mem=397.9M)
4 Clock Buffers/Inverters inserted.
**** CK_END: Update Database (cpu=0:00:00.0, real=0:00:00.0, mem=397.9M)
**** CK_START: Macro Models Generation (mem=397.9M)

*buffer: max rise/fall tran=[93,106], (bnd=50ps) 
**** CK_END: Macro Models Generation (cpu=0:00:00.0, real=0:00:00.0, mem=397.9M)
SubTree No: 1

Input_Pin:  (TX_CLK_MUX/U1/B)
Output_Pin: (TX_CLK_MUX/U1/Y)
Output_Net: (TX_CLK_M)   
**** CK_START: TopDown Tree Construction for TX_CLK_M (34-leaf) (maxFan=50) (mem=397.9M)

Trig. Edge Skew=4[498,502] trVio=B38(100)ps N34 B5 G1 A20(19.6) L[5,5] C3/1 score=7084 cpu=0:00:00.0 mem=398M 

**** CK_END: TopDown Tree Construction for TX_CLK_M (cpu=0:00:00.7, real=0:00:00.0, mem=397.9M)



**** CK_START: Update Database (mem=397.9M)
5 Clock Buffers/Inverters inserted.
**** CK_END: Update Database (cpu=0:00:00.0, real=0:00:00.0, mem=397.9M)
**** CK_START: Macro Models Generation (mem=397.9M)

*buffer: max rise/fall tran=[73,89], (bnd=50ps) 
**** CK_END: Macro Models Generation (cpu=0:00:00.0, real=0:00:00.0, mem=397.9M)
SubTree No: 2

Input_Pin:  (TX_CLK_MUX/U1/A)
Output_Pin: (TX_CLK_MUX/U1/Y)
Output_Net: (TX_CLK_M)   
**** CK_START: Macro Models Generation (mem=397.9M)

*buffer: max rise/fall tran=[73,81], (bnd=50ps) 
**** CK_END: Macro Models Generation (cpu=0:00:00.0, real=0:00:00.0, mem=397.9M)
SubTree No: 3

Input_Pin:  (TX_Clock_Divider/U51/A)
Output_Pin: (TX_Clock_Divider/U51/Y)
Output_Net: (TX_CLK)   
**** CK_START: TopDown Tree Construction for TX_CLK (1-leaf) (1 macro model) (maxFan=50) (mem=397.9M)

Trig. Edge Skew=4[865,869] trVio=B119(119)ps N1 B1 G2 A2(2.2) L[2,2] C2/0 score=12994 cpu=0:00:00.0 mem=398M 

**** CK_END: TopDown Tree Construction for TX_CLK (cpu=0:00:00.0, real=0:00:00.0, mem=397.9M)



**** CK_START: Update Database (mem=397.9M)
1 Clock Buffers/Inverters inserted.
**** CK_END: Update Database (cpu=0:00:00.0, real=0:00:00.0, mem=397.9M)
**** CK_START: Macro Models Generation (mem=397.9M)

*buffer: max rise/fall tran=[161,167], (bnd=50ps) 
**** CK_END: Macro Models Generation (cpu=0:00:00.0, real=0:00:00.0, mem=397.9M)
SubTree No: 4

Input_Pin:  (TX_CLK_MUX/U1/A)
Output_Pin: (TX_CLK_MUX/U1/Y)
Output_Net: (TX_CLK_M)   
SubTree No: 5

Input_Pin:  (TX_Clock_Divider/U51/B)
Output_Pin: (TX_Clock_Divider/U51/Y)
Output_Net: (TX_CLK)   
**** CK_START: Macro Models Generation (mem=397.9M)

*buffer: max rise/fall tran=[162,169], (bnd=50ps) 
**** CK_END: Macro Models Generation (cpu=0:00:00.0, real=0:00:00.0, mem=397.9M)
SubTree No: 6

Input_Pin:  (TX_Clock_Divider/clk_div_reg_reg/CK)
Output_Pin: (TX_Clock_Divider/clk_div_reg_reg/Q)
Output_Net: (TX_Clock_Divider/clk_div_reg)   
*** Find 2 Excluded Nodes.
**** CK_START: TopDown Tree Construction for TX_Clock_Divider/clk_div_reg (1-leaf) (1 macro model) (maxFan=50) (mem=397.9M)

Trig. Edge Skew=4[1252,1256] trVio=B38(38)ps N1 B0 G2 A0(0.0) L[1,1] score=4764 cpu=0:00:00.0 mem=398M 

**** CK_END: TopDown Tree Construction for TX_Clock_Divider/clk_div_reg (cpu=0:00:00.0, real=0:00:01.0, mem=397.9M)



**** CK_START: Update Database (mem=397.9M)
0 Clock Buffers/Inverters inserted.
**** CK_END: Update Database (cpu=0:00:00.0, real=0:00:00.0, mem=397.9M)
**** CK_START: Macro Models Generation (mem=397.9M)

*buffer: max rise/fall tran=[162,169], (bnd=50ps) 
**** CK_END: Macro Models Generation (cpu=0:00:00.0, real=0:00:00.0, mem=397.9M)
SubTree No: 7

Input_Pin:  (RX_CLK_MUX/U1/A)
Output_Pin: (RX_CLK_MUX/U1/Y)
Output_Net: (RX_CLK_M)   
**** CK_START: Macro Models Generation (mem=397.9M)

*buffer: max rise/fall tran=[93,97], (bnd=50ps) 
**** CK_END: Macro Models Generation (cpu=0:00:00.0, real=0:00:00.0, mem=397.9M)
SubTree No: 8

Input_Pin:  (RX_Clock_Divider/U59/A)
Output_Pin: (RX_Clock_Divider/U59/Y)
Output_Net: (RX_CLK)   
**** CK_START: TopDown Tree Construction for RX_CLK (1-leaf) (1 macro model) (maxFan=50) (mem=397.9M)

Trig. Edge Skew=2[691,693] trVio=B123(123)ps N1 B0 G2 A0(0.0) L[1,1] score=13232 cpu=0:00:00.0 mem=398M 

**** CK_END: TopDown Tree Construction for RX_CLK (cpu=0:00:00.0, real=0:00:00.0, mem=397.9M)



**** CK_START: Update Database (mem=397.9M)
0 Clock Buffers/Inverters inserted.
**** CK_END: Update Database (cpu=0:00:00.0, real=0:00:00.0, mem=397.9M)
**** CK_START: Macro Models Generation (mem=397.9M)

*buffer: max rise/fall tran=[171,174], (bnd=50ps) 
**** CK_END: Macro Models Generation (cpu=0:00:00.0, real=0:00:00.0, mem=397.9M)
SubTree No: 9

Input_Pin:  (RX_CLK_MUX/U1/A)
Output_Pin: (RX_CLK_MUX/U1/Y)
Output_Net: (RX_CLK_M)   
SubTree No: 10

Input_Pin:  (RX_Clock_Divider/U59/B)
Output_Pin: (RX_Clock_Divider/U59/Y)
Output_Net: (RX_CLK)   
**** CK_START: Macro Models Generation (mem=397.9M)

*buffer: max rise/fall tran=[172,176], (bnd=50ps) 
**** CK_END: Macro Models Generation (cpu=0:00:00.0, real=0:00:00.0, mem=397.9M)
SubTree No: 11

Input_Pin:  (RX_Clock_Divider/clk_div_reg_reg/CK)
Output_Pin: (RX_Clock_Divider/clk_div_reg_reg/Q)
Output_Net: (RX_Clock_Divider/clk_div_reg)   
*** Find 2 Excluded Nodes.
**** CK_START: TopDown Tree Construction for RX_Clock_Divider/clk_div_reg (1-leaf) (1 macro model) (maxFan=50) (mem=397.9M)

Trig. Edge Skew=2[1180,1181] trVio=B45(45)ps N1 B1 G2 A2(2.2) L[2,2] C2/0 score=5602 cpu=0:00:00.0 mem=398M 

**** CK_END: TopDown Tree Construction for RX_Clock_Divider/clk_div_reg (cpu=0:00:00.0, real=0:00:00.0, mem=397.9M)



**** CK_START: Update Database (mem=397.9M)
1 Clock Buffers/Inverters inserted.
**** CK_END: Update Database (cpu=0:00:00.0, real=0:00:00.0, mem=397.9M)
**** CK_START: Macro Models Generation (mem=397.9M)

*buffer: max rise/fall tran=[172,176], (bnd=50ps) 
**** CK_END: Macro Models Generation (cpu=0:00:00.0, real=0:00:00.0, mem=397.9M)
SubTree No: 12

Input_Pin:  (UART_CLK_MUX/U1/B)
Output_Pin: (UART_CLK_MUX/U1/Y)
Output_Net: (UART_CLK_M)   
**** CK_START: TopDown Tree Construction for UART_CLK_M (22-leaf) (4 macro model) (maxFan=50) (mem=397.9M)

2: ckNode L0_0_CLKINVX16M: loc not Legalized (52901 239047)=>(52480 230420) 4um
3: ckNode L0_0_CLKINVX16M: loc not Legalized (73396 227551)=>(76260 224680) 2um
4: ckNode L0_0_CLKINVX16M: loc not Legalized (76692 147195)=>(76260 132840) 7um
5: ckNode L0_0_CLKINVX16M: loc not Legalized (47989 124237)=>(47560 115620) 4um
6: ckNode L1_0_C1_CLKINVX16M: loc not Legalized (52901 239047)=>(52480 230420) 4um
7: ckNode L0_0_CLKINVX16M: loc not Legalized (52919 239054)=>(52480 230420) 4um
8: ckNode L1_0_C1_CLKINVX16M: loc not Legalized (73396 227551)=>(76260 224680) 2um
9: ckNode L0_0_CLKINVX16M: loc not Legalized (73418 227570)=>(76260 224680) 2um
Trig. Edge Skew=175[1378,1553] trVio=B43(134)ps N22 B14 G5 A49(49.2) L[2,14] C1/8 score=27346 cpu=0:00:00.0 mem=398M 

**** CK_END: TopDown Tree Construction for UART_CLK_M (cpu=0:00:00.5, real=0:00:00.0, mem=397.9M)



**** CK_START: Update Database (mem=397.9M)
14 Clock Buffers/Inverters inserted.
**** CK_END: Update Database (cpu=0:00:00.0, real=0:00:00.0, mem=397.9M)
**** CK_START: Macro Models Generation (mem=397.9M)

*buffer: max rise/fall tran=[172,176], (bnd=50ps) 
**** CK_END: Macro Models Generation (cpu=0:00:00.0, real=0:00:00.0, mem=397.9M)
SubTree No: 13

Input_Pin:  (Clock_Gating/U0_TLATNCAX12M/CK)
Output_Pin: (Clock_Gating/U0_TLATNCAX12M/ECK)
Output_Net: (ALU_CLK)   
**** CK_START: TopDown Tree Construction for ALU_CLK (39-leaf) (maxFan=50) (mem=397.9M)

Trig. Edge Skew=3[480,483] trVio=B31(92)ps N39 B5 G1 A20(19.6) L[5,5] C3/1 score=6306 cpu=0:00:00.0 mem=398M 

**** CK_END: TopDown Tree Construction for ALU_CLK (cpu=0:00:00.8, real=0:00:01.0, mem=397.9M)



**** CK_START: Update Database (mem=397.9M)
5 Clock Buffers/Inverters inserted.
**** CK_END: Update Database (cpu=0:00:00.0, real=0:00:00.0, mem=397.9M)
**** CK_START: Macro Models Generation (mem=397.9M)

*buffer: max rise/fall tran=[80,70], (bnd=50ps) 
**** CK_END: Macro Models Generation (cpu=0:00:00.0, real=0:00:00.0, mem=397.9M)
SubTree No: 14

Input_Pin:  (REF_CLK_MUX/U1/B)
Output_Pin: (REF_CLK_MUX/U1/Y)
Output_Net: (REF_CLK_M)   
**** CK_START: TopDown Tree Construction for REF_CLK_M (250-leaf) (1 macro model) (maxFan=50) (mem=397.9M)

Trig. Edge Skew=82[791,873] trVio=B44(559)S1(83)ps N250 B33 G2 A121(120.6) L[4,9] C2/2 score=16628 cpu=0:00:02.0 mem=398M 

**** CK_END: TopDown Tree Construction for REF_CLK_M (cpu=0:00:02.6, real=0:00:02.0, mem=397.9M)



**** CK_START: Update Database (mem=397.9M)
33 Clock Buffers/Inverters inserted.
**** CK_END: Update Database (cpu=0:00:00.0, real=0:00:00.0, mem=397.9M)
**** CK_START: Macro Models Generation (mem=397.9M)

*  sink: max rise/fall tran=[52,50], (bnd=50ps) 
*buffer: max rise/fall tran=[92,95], (bnd=50ps) 
**** CK_END: Macro Models Generation (cpu=0:00:00.0, real=0:00:00.0, mem=397.9M)
SubTree No: 15

Input_Pin:  (NULL)
Output_Pin: (scan_clk)
Output_Net: (scan_clk)   
**** CK_START: TopDown Tree Construction for scan_clk (4-leaf) (4 macro model) (maxFan=50) (mem=397.9M)

Trig. Edge Skew=175[1455,1630] trVio=B10(14)ps N4 B13 G5 A46(46.2) L[3,14] C2/6 score=22920 cpu=0:00:00.0 mem=398M 

**** CK_END: TopDown Tree Construction for scan_clk (cpu=0:00:00.1, real=0:00:01.0, mem=397.9M)



**** CK_START: Update Database (mem=397.9M)
13 Clock Buffers/Inverters inserted.
**** CK_END: Update Database (cpu=0:00:00.0, real=0:00:00.0, mem=397.9M)

****** Clock Tree (UART_CLK) Structure
Max. Skew           : 200(ps)
Max. Sink Transition: 50(ps)
Max. Buf Transition : 50(ps)
Max. Delay          : 271267(ps)
Min. Delay          : 0(ps)
Buffer              : (CLKINVX6M) (BUFX8M) (CLKINVX8M) (BUFX10M) (CLKINVX12M) (BUFX12M) (CLKBUFX12M) (BUFX14M) (CLKBUFX16M) (BUFX16M) (CLKINVX16M) (BUFX18M) (BUFX20M) (CLKINVX20M) (CLKBUFX20M) (CLKBUFX24M) (BUFX24M) (CLKINVX24M) (CLKBUFX32M) (BUFX32M) (CLKINVX32M) (CLKBUFX40M) (CLKINVX40M) 
Nr. Subtrees                    : 8
Nr. Sinks                       : 84
Nr.          Rising  Sync Pins  : 92
Nr. Inverter Rising  Sync Pins  : 0
Nr.          Falling Sync Pins  : 0
Nr. Inverter Falling Sync Pins  : 0
***********************************************************
SubTree No: 0

Input_Pin:  (TX_CLK_MUX/U1/A)
Output_Pin: (TX_CLK_MUX/U1/Y)
Output_Net: (TX_CLK_M)   
SubTree No: 1

Input_Pin:  (TX_Clock_Divider/U51/A)
Output_Pin: (TX_Clock_Divider/U51/Y)
Output_Net: (TX_CLK)   
SubTree No: 2

Input_Pin:  (TX_CLK_MUX/U1/A)
Output_Pin: (TX_CLK_MUX/U1/Y)
Output_Net: (TX_CLK_M)   
SubTree No: 3

Input_Pin:  (TX_Clock_Divider/U51/B)
Output_Pin: (TX_Clock_Divider/U51/Y)
Output_Net: (TX_CLK)   
SubTree No: 4

Input_Pin:  (TX_Clock_Divider/clk_div_reg_reg/CK)
Output_Pin: (TX_Clock_Divider/clk_div_reg_reg/Q)
Output_Net: (TX_Clock_Divider/clk_div_reg)   
*** Find 2 Excluded Nodes.
SubTree No: 5

Input_Pin:  (RX_CLK_MUX/U1/A)
Output_Pin: (RX_CLK_MUX/U1/Y)
Output_Net: (RX_CLK_M)   
SubTree No: 6

Input_Pin:  (RX_Clock_Divider/U59/A)
Output_Pin: (RX_Clock_Divider/U59/Y)
Output_Net: (RX_CLK)   
SubTree No: 7

Input_Pin:  (RX_CLK_MUX/U1/A)
Output_Pin: (RX_CLK_MUX/U1/Y)
Output_Net: (RX_CLK_M)   
SubTree No: 8

Input_Pin:  (RX_Clock_Divider/U59/B)
Output_Pin: (RX_Clock_Divider/U59/Y)
Output_Net: (RX_CLK)   
SubTree No: 9

Input_Pin:  (RX_Clock_Divider/clk_div_reg_reg/CK)
Output_Pin: (RX_Clock_Divider/clk_div_reg_reg/Q)
Output_Net: (RX_Clock_Divider/clk_div_reg)   
*** Find 2 Excluded Nodes.
SubTree No: 10

Input_Pin:  (UART_CLK_MUX/U1/A)
Output_Pin: (UART_CLK_MUX/U1/Y)
Output_Net: (UART_CLK_M)   
**** CK_START: Macro Models Generation (mem=397.9M)

*buffer: max rise/fall tran=[172,176], (bnd=50ps) 
**** CK_END: Macro Models Generation (cpu=0:00:00.0, real=0:00:00.0, mem=397.9M)
SubTree No: 11

Input_Pin:  (NULL)
Output_Pin: (UART_CLK)
Output_Net: (UART_CLK)   
**** CK_START: TopDown Tree Construction for UART_CLK (1-leaf) (1 macro model) (maxFan=50) (mem=397.9M)

Trig. Edge Skew=175[1450,1624] N1 B2 G2 A8(8.4) L[3,3] C3/0 score=7170 cpu=0:00:00.0 mem=398M 

**** CK_END: TopDown Tree Construction for UART_CLK (cpu=0:00:00.0, real=0:00:00.0, mem=397.9M)



**** CK_START: Update Database (mem=397.9M)
2 Clock Buffers/Inverters inserted.
**** CK_END: Update Database (cpu=0:00:00.0, real=0:00:00.0, mem=397.9M)

****** Clock Tree (REF_CLK) Structure
Max. Skew           : 200(ps)
Max. Sink Transition: 50(ps)
Max. Buf Transition : 50(ps)
Max. Delay          : 20000(ps)
Min. Delay          : 0(ps)
Buffer              : (CLKINVX6M) (BUFX8M) (CLKINVX8M) (BUFX10M) (CLKINVX12M) (BUFX12M) (CLKBUFX12M) (BUFX14M) (CLKBUFX16M) (BUFX16M) (CLKINVX16M) (BUFX18M) (BUFX20M) (CLKINVX20M) (CLKBUFX20M) (CLKBUFX24M) (BUFX24M) (CLKINVX24M) (CLKBUFX32M) (BUFX32M) (CLKINVX32M) (CLKBUFX40M) (CLKINVX40M) 
Nr. Subtrees                    : 3
Nr. Sinks                       : 288
Nr.          Rising  Sync Pins  : 289
Nr. Inverter Rising  Sync Pins  : 0
Nr.          Falling Sync Pins  : 0
Nr. Inverter Falling Sync Pins  : 0
***********************************************************
SubTree No: 0

Input_Pin:  (Clock_Gating/U0_TLATNCAX12M/CK)
Output_Pin: (Clock_Gating/U0_TLATNCAX12M/ECK)
Output_Net: (ALU_CLK)   
SubTree No: 1

Input_Pin:  (REF_CLK_MUX/U1/A)
Output_Pin: (REF_CLK_MUX/U1/Y)
Output_Net: (REF_CLK_M)   
**** CK_START: Macro Models Generation (mem=397.9M)

*  sink: max rise/fall tran=[52,50], (bnd=50ps) 
*buffer: max rise/fall tran=[92,87], (bnd=50ps) 
**** CK_END: Macro Models Generation (cpu=0:00:00.0, real=0:00:00.0, mem=397.9M)
SubTree No: 2

Input_Pin:  (NULL)
Output_Pin: (REF_CLK)
Output_Net: (REF_CLK)   
**** CK_START: TopDown Tree Construction for REF_CLK (1-leaf) (1 macro model) (maxFan=50) (mem=397.9M)

Trig. Edge Skew=82[863,945] N1 B2 G2 A8(8.4) L[3,3] C3/0 score=2406 cpu=0:00:00.0 mem=398M 

**** CK_END: TopDown Tree Construction for REF_CLK (cpu=0:00:00.0, real=0:00:00.0, mem=397.9M)



**** CK_START: Update Database (mem=397.9M)
2 Clock Buffers/Inverters inserted.
**** CK_END: Update Database (cpu=0:00:00.0, real=0:00:00.0, mem=397.9M)
***** Start Refine Placement.....
Starting refinePlace ...
Statistics of distance of Instance movement in detailed placement:
  maximum (X+Y) =        80.77 um
  inst (scan_clk__L6_I0) with max move: (36.49, 66.42) -> (27.47, 138.17)
  mean    (X+Y) =         9.91 um
Total instances moved : 1586
*** cpu=0:00:00.0   mem=397.9M  mem(used)=0.0M***
***** Refine Placement Finished (CPU Time: 0:00:00.0  MEM: 397.863M)
Resetting all latency settings from fanout cone of port 'REF_CLK'
Resetting all latency settings from fanout cone of port 'UART_CLK'
Resetting all latency settings from fanout cone of port 'scan_clk'
Resetting all latency settings from fanout cone of pin 'Clock_Gating/U0_TLATNCAX12M/ECK'
Resetting all latency settings from fanout cone of pin 'TX_Clock_Divider/U51/Y'
Resetting all latency settings from fanout cone of pin 'RX_Clock_Divider/U59/Y'
Resetting all latency settings from fanout cone of pin 'TX_Clock_Divider/U51/Y'
Resetting all latency settings from fanout cone of pin 'RX_Clock_Divider/U59/Y'
Resetting all latency settings from fanout cone of pin 'TX_Clock_Divider/U51/Y'
Resetting all latency settings from fanout cone of pin 'RX_Clock_Divider/U59/Y'
Resetting all latency settings from fanout cone of pin 'TX_Clock_Divider/U51/Y'
Resetting all latency settings from fanout cone of pin 'RX_Clock_Divider/U59/Y'
Resetting all latency settings from fanout cone of pin 'Clock_Gating/U0_TLATNCAX12M/ECK'
***** Start Refine Placement.....
Starting refinePlace ...
Statistics of distance of Instance movement in detailed placement:
  maximum (X+Y) =         0.00 um
  mean    (X+Y) =         0.00 um
Total instances moved : 0
*** cpu=0:00:00.0   mem=397.9M  mem(used)=0.0M***
***** Refine Placement Finished (CPU Time: 0:00:00.0  MEM: 397.867M)
All-RC-Corners-Per-Net-In-Memory is turned ON...

# Analysis View: setup1_analysis_view
********** Clock scan_clk Pre-Route Timing Analysis **********
Nr. of Subtrees                : 14
Nr. of Sinks                   : 372
Nr. of Buffer                  : 76
Nr. of Level (including gates) : 18
Root Rise Input Tran           : 0.1(ps)
Root Fall Input Tran           : 0.1(ps)
Max trig. edge delay at sink(R): UART/TX_INST/P_data_reg_reg[6]/CK 1684.9(ps)
Min trig. edge delay at sink(R): UART/RX_INST/U3/P_DATA_reg[2]/CK 1477.3(ps)


                                 (Actual)               (Required)          
Rise Phase Delay               : 1477.3~1684.9(ps)      0~100000(ps)        
Fall Phase Delay               : 1546.3~1959.1(ps)      0~100000(ps)        
Trig. Edge Skew                : 207.6(ps)              200(ps)             
Rise Skew                      : 207.6(ps)              
Fall Skew                      : 412.8(ps)              
Max. Rise Buffer Tran.         : 180.8(ps)              50(ps)              
Max. Fall Buffer Tran.         : 181.6(ps)              50(ps)              
Max. Rise Sink Tran.           : 55.3(ps)               50(ps)              
Max. Fall Sink Tran.           : 53.9(ps)               50(ps)              
Min. Rise Buffer Tran.         : 24.8(ps)               0(ps)               
Min. Fall Buffer Tran.         : 23.5(ps)               0(ps)               
Min. Rise Sink Tran.           : 44.3(ps)               0(ps)               
Min. Fall Sink Tran.           : 40.7(ps)               0(ps)               

view setup1_analysis_view : skew = 207.6ps (required = 200ps)
view setup2_analysis_view : skew = 207.6ps (required = 200ps)
view setup3_analysis_view : skew = 207.6ps (required = 200ps)
view hold1_analysis_view : skew = 98.6ps (required = 200ps)
view hold2_analysis_view : skew = 98.6ps (required = 200ps)
view hold3_analysis_view : skew = 98.6ps (required = 200ps)



# Analysis View: setup1_analysis_view
********** Clock UART_CLK Pre-Route Timing Analysis **********
Nr. of Subtrees                : 10
Nr. of Sinks                   : 84
Nr. of Buffer                  : 27
Nr. of Level (including gates) : 16
Root Rise Input Tran           : 0.1(ps)
Root Fall Input Tran           : 0.1(ps)
Max trig. edge delay at sink(R): UART/TX_INST/P_data_reg_reg[6]/CK 1674.1(ps)
Min trig. edge delay at sink(R): UART/RX_INST/U3/P_DATA_reg[2]/CK 1466.5(ps)


                                 (Actual)               (Required)          
Rise Phase Delay               : 1466.5~1674.1(ps)      0~271267(ps)        
Fall Phase Delay               : 1519.2~1932(ps)        0~271267(ps)        
Trig. Edge Skew                : 207.6(ps)              200(ps)             
Rise Skew                      : 207.6(ps)              
Fall Skew                      : 412.8(ps)              
Max. Rise Buffer Tran.         : 180.8(ps)              50(ps)              
Max. Fall Buffer Tran.         : 181.6(ps)              50(ps)              
Max. Rise Sink Tran.           : 49.3(ps)               50(ps)              
Max. Fall Sink Tran.           : 45.6(ps)               50(ps)              
Min. Rise Buffer Tran.         : 20.6(ps)               0(ps)               
Min. Fall Buffer Tran.         : 18.5(ps)               0(ps)               
Min. Rise Sink Tran.           : 44.4(ps)               0(ps)               
Min. Fall Sink Tran.           : 40.7(ps)               0(ps)               

view setup1_analysis_view : skew = 207.6ps (required = 200ps)
view setup2_analysis_view : skew = 207.6ps (required = 200ps)
view setup3_analysis_view : skew = 207.6ps (required = 200ps)
view hold1_analysis_view : skew = 98.6ps (required = 200ps)
view hold2_analysis_view : skew = 98.6ps (required = 200ps)
view hold3_analysis_view : skew = 98.6ps (required = 200ps)



# Analysis View: setup1_analysis_view
********** Clock REF_CLK Pre-Route Timing Analysis **********
Nr. of Subtrees                : 3
Nr. of Sinks                   : 288
Nr. of Buffer                  : 40
Nr. of Level (including gates) : 11
Root Rise Input Tran           : 0.1(ps)
Root Fall Input Tran           : 0.1(ps)
Max trig. edge delay at sink(R): ALU/u4/shift_out_reg[2]/CK 971.2(ps)
Min trig. edge delay at sink(R): Data_Synchronizer/sync_bus_reg[1]/CK 874.5(ps)


                                 (Actual)               (Required)          
Rise Phase Delay               : 874.5~971.2(ps)        0~20000(ps)         
Fall Phase Delay               : 941.9~1065.5(ps)       0~20000(ps)         
Trig. Edge Skew                : 96.7(ps)               200(ps)             
Rise Skew                      : 96.7(ps)               
Fall Skew                      : 123.6(ps)              
Max. Rise Buffer Tran.         : 92.1(ps)               50(ps)              
Max. Fall Buffer Tran.         : 89(ps)                 50(ps)              
Max. Rise Sink Tran.           : 55.3(ps)               50(ps)              
Max. Fall Sink Tran.           : 53.9(ps)               50(ps)              
Min. Rise Buffer Tran.         : 21.4(ps)               0(ps)               
Min. Fall Buffer Tran.         : 19.2(ps)               0(ps)               
Min. Rise Sink Tran.           : 44.3(ps)               0(ps)               
Min. Fall Sink Tran.           : 42.5(ps)               0(ps)               

view setup1_analysis_view : skew = 96.7ps (required = 200ps)
view setup2_analysis_view : skew = 96.7ps (required = 200ps)
view setup3_analysis_view : skew = 96.7ps (required = 200ps)
view hold1_analysis_view : skew = 32.6ps (required = 200ps)
view hold2_analysis_view : skew = 32.6ps (required = 200ps)
view hold3_analysis_view : skew = 32.6ps (required = 200ps)


Clock Analysis (CPU Time 0:00:00.1)


All-RC-Corners-Per-Net-In-Memory is turned OFF...

globalDetailRoute

#Start globalDetailRoute on Tue Oct  6 17:58:59 2026
#
#cpu time = 00:00:00, elapsed time = 00:00:00, memory = 397.00 (Mb)
Using detail cap. scale factor for clock nets.
Initializing multi-corner capacitance tables ... 
Initializing multi-corner resistance tables ...
#NanoRoute Version v08.10-p008 NR081027-0018/USR58-UB
#Merging special wires...
#reading routing guides ......
#Number of eco nets is 0
#
#Start data preparation...
#Auto generating G-grids with size=15 tracks, using layer METAL2's pitch = 0.410.
#Using automatically generated G-grids.
#
#Data preparation is done.
#
#  Resource Analysis:
#
#               Routing  #Avail      #Track     #Total     %Gcell
#  Layer      Direction   Track     Blocked      Gcell    Blocked
#  --------------------------------------------------------------
#  Metal 1        H         391           0        1014    82.25%
#  Metal 2        V         587           0        1014     0.00%
#  Metal 3        H         391           0        1014     0.00%
#  Metal 4        V         587           0        1014     0.00%
#  Metal 5        H         391           0        1014     0.00%
#  Metal 6        V         587           0        1014     0.00%
#  Metal 7        H         195           0        1014     0.00%
#  --------------------------------------------------------------
#  Total                   3129       0.00%        7098    11.75%
#
#  92 nets (3.37%) with 1 preferred extra spacing.
#
#
#Routing guide is on
#cpu time = 00:00:00, elapsed time = 00:00:00, memory = 397.00 (Mb)
#
#start global routing iteration 1...
#cpu time = 00:00:00, elapsed time = 00:00:00, memory = 397.00 (Mb)
#
#start global routing iteration 2...
#cpu time = 00:00:00, elapsed time = 00:00:00, memory = 397.00 (Mb)
#
#start global routing iteration 3...
#cpu time = 00:00:00, elapsed time = 00:00:00, memory = 397.00 (Mb)
#
#
#  Congestion Analysis: (blocked Gcells are excluded from the statistics)
#
#                 OverCon          
#                  #Gcell    %Gcell
#     Layer           (1)   OverCon
#  --------------------------------
#   Metal 1      0(0.00%)   (0.00%)
#   Metal 2      0(0.00%)   (0.00%)
#   Metal 3      0(0.00%)   (0.00%)
#   Metal 4      0(0.00%)   (0.00%)
#   Metal 5      0(0.00%)   (0.00%)
#   Metal 6      0(0.00%)   (0.00%)
#   Metal 7      0(0.00%)   (0.00%)
#  --------------------------------
#     Total      0(0.00%)   (0.00%)
#
#  The worst congested Gcell overcon (routing demand over resource in number of tracks) = 1
#
#Complete Global Routing.
#Total wire length = 5830 um.
#Total half perimeter of net bounding box = 4995 um.
#Total wire length on LAYER METAL1 = 0 um.
#Total wire length on LAYER METAL2 = 258 um.
#Total wire length on LAYER METAL3 = 3438 um.
#Total wire length on LAYER METAL4 = 2134 um.
#Total wire length on LAYER METAL5 = 0 um.
#Total wire length on LAYER METAL6 = 0 um.
#Total wire length on LAYER METAL7 = 0 um.
#Total number of vias = 1198
#Up-Via Summary (total 1198):
#           
#-----------------------
#  Metal 1          473
#  Metal 2          448
#  Metal 3          277
#-----------------------
#                  1198 
#
#Max overcon = 0 track.
#Total overcon = 0.00%.
#Worst layer Gcell overcon rate = 0.00%.
#Cpu time = 00:00:01
#Elapsed time = 00:00:01
#Increased memory = 0.00 (Mb)
#Total memory = 397.00 (Mb)
#Peak memory = 429.00 (Mb)
#
#Start Detail Routing.
#start initial detail routing ...
# ECO: 0.0% of the total area was rechecked for DRC, and 91.7% required routing.
#    number of violations = 0
#cpu time = 00:00:01, elapsed time = 00:00:01, memory = 397.00 (Mb)
#start 1st optimization iteration ...
#    number of violations = 0
#cpu time = 00:00:00, elapsed time = 00:00:00, memory = 397.00 (Mb)
#Complete Detail Routing.
#Total wire length = 5736 um.
#Total half perimeter of net bounding box = 4995 um.
#Total wire length on LAYER METAL1 = 5 um.
#Total wire length on LAYER METAL2 = 126 um.
#Total wire length on LAYER METAL3 = 3018 um.
#Total wire length on LAYER METAL4 = 2588 um.
#Total wire length on LAYER METAL5 = 0 um.
#Total wire length on LAYER METAL6 = 0 um.
#Total wire length on LAYER METAL7 = 0 um.
#Total number of vias = 1772
#Up-Via Summary (total 1772):
#           
#-----------------------
#  Metal 1          584
#  Metal 2          563
#  Metal 3          625
#-----------------------
#                  1772 
#
#Total number of DRC violations = 0
#Total number of violations on LAYER METAL1 = 0
#Total number of violations on LAYER METAL2 = 0
#Total number of violations on LAYER METAL3 = 0
#Total number of violations on LAYER METAL4 = 0
#Total number of violations on LAYER METAL5 = 0
#Total number of violations on LAYER METAL6 = 0
#Total number of violations on LAYER METAL7 = 0
#detailRoute Statistics:
#Cpu time = 00:00:01
#Elapsed time = 00:00:01
#Increased memory = 0.00 (Mb)
#Total memory = 397.00 (Mb)
#Peak memory = 429.00 (Mb)
#
#globalDetailRoute statistics:
#Cpu time = 00:00:02
#Elapsed time = 00:00:02
#Increased memory = 0.00 (Mb)
#Total memory = 397.00 (Mb)
#Peak memory = 429.00 (Mb)
#Number of warnings = 0
#Total number of warnings = 2
#Number of fails = 0
#Total number of fails = 0
#Complete globalDetailRoute on Tue Oct  6 17:59:01 2026
#
*** Look For Un-Routed Clock Tree Net ***
All-RC-Corners-Per-Net-In-Memory is turned ON...

# Analysis View: setup1_analysis_view
********** Clock scan_clk Clk-Route-Only Timing Analysis **********
Nr. of Subtrees                : 14
Nr. of Sinks                   : 372
Nr. of Buffer                  : 76
Nr. of Level (including gates) : 18
Root Rise Input Tran           : 0.1(ps)
Root Fall Input Tran           : 0.1(ps)
Max trig. edge delay at sink(R): UART/TX_INST/U1/current_state_reg[2]/CK 1734.1(ps)
Min trig. edge delay at sink(R): UART/RX_INST/U3/P_DATA_reg[2]/CK 1482(ps)


                                 (Actual)               (Required)          
Rise Phase Delay               : 1482~1734.1(ps)        0~100000(ps)        
Fall Phase Delay               : 1552.3~1963.9(ps)      0~100000(ps)        
Trig. Edge Skew                : 252.1(ps)              200(ps)             
Rise Skew                      : 252.1(ps)              
Fall Skew                      : 411.6(ps)              
Max. Rise Buffer Tran.         : 229.1(ps)              50(ps)              
Max. Fall Buffer Tran.         : 181.8(ps)              50(ps)              
Max. Rise Sink Tran.           : 57.2(ps)               50(ps)              
Max. Fall Sink Tran.           : 55.9(ps)               50(ps)              
Min. Rise Buffer Tran.         : 24.6(ps)               0(ps)               
Min. Fall Buffer Tran.         : 23.4(ps)               0(ps)               
Min. Rise Sink Tran.           : 45.1(ps)               0(ps)               
Min. Fall Sink Tran.           : 41.6(ps)               0(ps)               

view setup1_analysis_view : skew = 252.1ps (required = 200ps)
view setup2_analysis_view : skew = 252.1ps (required = 200ps)
view setup3_analysis_view : skew = 252.1ps (required = 200ps)
view hold1_analysis_view : skew = 96.5ps (required = 200ps)
view hold2_analysis_view : skew = 96.5ps (required = 200ps)
view hold3_analysis_view : skew = 96.5ps (required = 200ps)



# Analysis View: setup1_analysis_view
********** Clock UART_CLK Clk-Route-Only Timing Analysis **********
Nr. of Subtrees                : 10
Nr. of Sinks                   : 84
Nr. of Buffer                  : 27
Nr. of Level (including gates) : 16
Root Rise Input Tran           : 0.1(ps)
Root Fall Input Tran           : 0.1(ps)
Max trig. edge delay at sink(R): UART/TX_INST/U1/current_state_reg[2]/CK 1723.6(ps)
Min trig. edge delay at sink(R): UART/RX_INST/U3/P_DATA_reg[2]/CK 1471.5(ps)


                                 (Actual)               (Required)          
Rise Phase Delay               : 1471.5~1723.6(ps)      0~271267(ps)        
Fall Phase Delay               : 1525.4~1944.2(ps)      0~271267(ps)        
Trig. Edge Skew                : 252.1(ps)              200(ps)             
Rise Skew                      : 252.1(ps)              
Fall Skew                      : 418.8(ps)              
Max. Rise Buffer Tran.         : 229.1(ps)              50(ps)              
Max. Fall Buffer Tran.         : 181.8(ps)              50(ps)              
Max. Rise Sink Tran.           : 50.6(ps)               50(ps)              
Max. Fall Sink Tran.           : 46.7(ps)               50(ps)              
Min. Rise Buffer Tran.         : 20.7(ps)               0(ps)               
Min. Fall Buffer Tran.         : 18.6(ps)               0(ps)               
Min. Rise Sink Tran.           : 45.4(ps)               0(ps)               
Min. Fall Sink Tran.           : 41.6(ps)               0(ps)               

view setup1_analysis_view : skew = 252.1ps (required = 200ps)
view setup2_analysis_view : skew = 252.1ps (required = 200ps)
view setup3_analysis_view : skew = 252.1ps (required = 200ps)
view hold1_analysis_view : skew = 96.5ps (required = 200ps)
view hold2_analysis_view : skew = 96.5ps (required = 200ps)
view hold3_analysis_view : skew = 96.5ps (required = 200ps)



# Analysis View: setup1_analysis_view
********** Clock REF_CLK Clk-Route-Only Timing Analysis **********
Nr. of Subtrees                : 3
Nr. of Sinks                   : 288
Nr. of Buffer                  : 40
Nr. of Level (including gates) : 11
Root Rise Input Tran           : 0.1(ps)
Root Fall Input Tran           : 0.1(ps)
Max trig. edge delay at sink(R): ALU/u4/shift_out_reg[3]/CK 972.1(ps)
Min trig. edge delay at sink(R): Data_Synchronizer/sync_bus_reg[0]/CK 880.2(ps)


                                 (Actual)               (Required)          
Rise Phase Delay               : 880.2~972.1(ps)        0~20000(ps)         
Fall Phase Delay               : 947.4~1067.2(ps)       0~20000(ps)         
Trig. Edge Skew                : 91.9(ps)               200(ps)             
Rise Skew                      : 91.9(ps)               
Fall Skew                      : 119.8(ps)              
Max. Rise Buffer Tran.         : 91.5(ps)               50(ps)              
Max. Fall Buffer Tran.         : 89.5(ps)               50(ps)              
Max. Rise Sink Tran.           : 57.2(ps)               50(ps)              
Max. Fall Sink Tran.           : 55.9(ps)               50(ps)              
Min. Rise Buffer Tran.         : 21.3(ps)               0(ps)               
Min. Fall Buffer Tran.         : 19.1(ps)               0(ps)               
Min. Rise Sink Tran.           : 45.1(ps)               0(ps)               
Min. Fall Sink Tran.           : 43.1(ps)               0(ps)               

view setup1_analysis_view : skew = 91.9ps (required = 200ps)
view setup2_analysis_view : skew = 91.9ps (required = 200ps)
view setup3_analysis_view : skew = 91.9ps (required = 200ps)
view hold1_analysis_view : skew = 29.1ps (required = 200ps)
view hold2_analysis_view : skew = 29.1ps (required = 200ps)
view hold3_analysis_view : skew = 29.1ps (required = 200ps)


Clock Analysis (CPU Time 0:00:00.1)


All-RC-Corners-Per-Net-In-Memory is turned OFF...
setting up for view 'setup1_analysis_view'...
setting up for view 'setup2_analysis_view'...
setting up for view 'setup3_analysis_view'...
setting up for view 'hold1_analysis_view'...
setting up for view 'hold2_analysis_view'...
setting up for view 'hold3_analysis_view'...
View 'setup2_analysis_view' in clock tree 'scan_clk' is redundant
View 'setup3_analysis_view' in clock tree 'scan_clk' is redundant
View 'hold2_analysis_view' in clock tree 'scan_clk' is redundant
View 'hold3_analysis_view' in clock tree 'scan_clk' is redundant
setting up for view 'setup1_analysis_view'...
setting up for view 'setup2_analysis_view'...
setting up for view 'setup3_analysis_view'...
setting up for view 'hold1_analysis_view'...
setting up for view 'hold2_analysis_view'...
setting up for view 'hold3_analysis_view'...
View 'setup2_analysis_view' in clock tree 'UART_CLK' is redundant
View 'setup3_analysis_view' in clock tree 'UART_CLK' is redundant
View 'hold2_analysis_view' in clock tree 'UART_CLK' is redundant
View 'hold3_analysis_view' in clock tree 'UART_CLK' is redundant
setting up for view 'setup1_analysis_view'...
setting up for view 'setup2_analysis_view'...
setting up for view 'setup3_analysis_view'...
setting up for view 'hold1_analysis_view'...
setting up for view 'hold2_analysis_view'...
setting up for view 'hold3_analysis_view'...
View 'setup2_analysis_view' in clock tree 'REF_CLK' is redundant
View 'setup3_analysis_view' in clock tree 'REF_CLK' is redundant
View 'hold2_analysis_view' in clock tree 'REF_CLK' is redundant
View 'hold3_analysis_view' in clock tree 'REF_CLK' is redundant
Selecting the worst MMMC view of clock tree 'scan_clk' ...
Optimizing clock tree 'scan_clk' in 'setup1_analysis_view' view ...

Calculating clk-route-only downstream delay for clock tree 'scan_clk' ...
*** Look For PreservePin And Optimized CrossOver Root Pin ***
*** Look For Reconvergent Clock Component ***
The clock tree scan_clk has reconvergent cell(s).
Resized (CLKBUFX12M->BUFX14M): TX_CLK_M__L1_I0
Resized (CLKINVX40M->CLKINVX32M): UART_CLK_M__L5_I0
resized 2 standard cell(s).
inserted 0 standard cell(s).
*** Gated Clock Tree Optimization (cpu=0:00:00.0 mem=397.9M) ***
Selecting the worst MMMC view of clock tree 'UART_CLK' ...
Optimizing clock tree 'UART_CLK' in 'setup1_analysis_view' view ...

Calculating clk-route-only downstream delay for clock tree 'UART_CLK' ...
*** Look For PreservePin And Optimized CrossOver Root Pin ***
*** Look For Reconvergent Clock Component ***
The clock tree UART_CLK has reconvergent cell(s).
Resized (CLKINVX32M->CLKINVX24M): UART_CLK_M__L5_I0
resized 1 standard cell(s).
inserted 0 standard cell(s).
*** Gated Clock Tree Optimization (cpu=0:00:00.0 mem=397.9M) ***
Selecting the worst MMMC view of clock tree 'REF_CLK' ...
resized 0 standard cell(s).
inserted 0 standard cell(s).
*** Gated Clock Tree Optimization (cpu=0:00:00.0 mem=397.9M) ***
Doing the final refine placement ...
***** Start Refine Placement.....
Starting refinePlace ...
Statistics of distance of Instance movement in detailed placement:
  maximum (X+Y) =        10.25 um
  inst (Register_File/U658) with max move: (55.76, 100.86) -> (63.14, 97.99)
  mean    (X+Y) =         1.93 um
Total instances moved : 28
*** cpu=0:00:00.0   mem=397.9M  mem(used)=0.0M***
***** Refine Placement Finished (CPU Time: 0:00:00.0  MEM: 397.867M)

globalDetailRoute

#Start globalDetailRoute on Tue Oct  6 17:59:01 2026
#
Using detail cap. scale factor for clock nets.
Initializing multi-corner capacitance tables ... 
Initializing multi-corner resistance tables ...
#NanoRoute Version v08.10-p008 NR081027-0018/USR58-UB
#Merging special wires...
#17 routed nets are extracted.
#    6 (0.22%) extracted nets are partially routed.
#75 routed nets are imported.
#2573 (94.35%) nets are without wires.
#62 routed nets are fixed|skipped|trivial (not extracted).
#Total number of nets = 2727.
#Number of eco nets is 6
#
#Start data preparation...
#
#Data preparation is done.
#
#  Resource Analysis:
#
#               Routing  #Avail      #Track     #Total     %Gcell
#  Layer      Direction   Track     Blocked      Gcell    Blocked
#  --------------------------------------------------------------
#  Metal 1        H         391           0        1014    82.25%
#  Metal 2        V         587           0        1014     0.00%
#  Metal 3        H         391           0        1014     0.00%
#  Metal 4        V         587           0        1014     0.00%
#  Metal 5        H         391           0        1014     0.00%
#  Metal 6        V         587           0        1014     0.00%
#  Metal 7        H         195           0        1014     0.00%
#  --------------------------------------------------------------
#  Total                   3129       0.00%        7098    11.75%
#
#  92 nets (3.37%) with 1 preferred extra spacing.
#
#
#cpu time = 00:00:00, elapsed time = 00:00:00, memory = 397.00 (Mb)
#
#start global routing iteration 1...
#cpu time = 00:00:00, elapsed time = 00:00:00, memory = 397.00 (Mb)
#
#
#  Congestion Analysis: (blocked Gcells are excluded from the statistics)
#
#                 OverCon          
#                  #Gcell    %Gcell
#     Layer           (1)   OverCon
#  --------------------------------
#   Metal 1      0(0.00%)   (0.00%)
#   Metal 2      0(0.00%)   (0.00%)
#   Metal 3      0(0.00%)   (0.00%)
#   Metal 4      0(0.00%)   (0.00%)
#   Metal 5      0(0.00%)   (0.00%)
#   Metal 6      0(0.00%)   (0.00%)
#   Metal 7      0(0.00%)   (0.00%)
#  --------------------------------
#     Total      0(0.00%)   (0.00%)
#
#  The worst congested Gcell overcon (routing demand over resource in number of tracks) = 1
#
#Complete Global Routing.
#Total wire length = 5742 um.
#Total half perimeter of net bounding box = 5000 um.
#Total wire length on LAYER METAL1 = 5 um.
#Total wire length on LAYER METAL2 = 126 um.
#Total wire length on LAYER METAL3 = 3024 um.
#Total wire length on LAYER METAL4 = 2588 um.
#Total wire length on LAYER METAL5 = 0 um.
#Total wire length on LAYER METAL6 = 0 um.
#Total wire length on LAYER METAL7 = 0 um.
#Total number of vias = 1772
#Up-Via Summary (total 1772):
#           
#-----------------------
#  Metal 1          584
#  Metal 2          563
#  Metal 3          625
#-----------------------
#                  1772 
#
#Max overcon = 0 track.
#Total overcon = 0.00%.
#Worst layer Gcell overcon rate = 0.00%.
#Cpu time = 00:00:00
#Elapsed time = 00:00:00
#Increased memory = 0.00 (Mb)
#Total memory = 397.00 (Mb)
#Peak memory = 429.00 (Mb)
#
#Start Detail Routing.
#start initial detail routing ...
# ECO: 37.5% of the total area was rechecked for DRC, and 4.2% required routing.
#7.4% of the total area is being checked for drcs
#    number of violations = 1
#cpu time = 00:00:00, elapsed time = 00:00:00, memory = 397.00 (Mb)
#start 1st optimization iteration ...
#    number of violations = 0
#cpu time = 00:00:00, elapsed time = 00:00:00, memory = 397.00 (Mb)
#Complete Detail Routing.
#Total wire length = 5735 um.
#Total half perimeter of net bounding box = 5000 um.
#Total wire length on LAYER METAL1 = 4 um.
#Total wire length on LAYER METAL2 = 125 um.
#Total wire length on LAYER METAL3 = 3019 um.
#Total wire length on LAYER METAL4 = 2588 um.
#Total wire length on LAYER METAL5 = 0 um.
#Total wire length on LAYER METAL6 = 0 um.
#Total wire length on LAYER METAL7 = 0 um.
#Total number of vias = 1771
#Up-Via Summary (total 1771):
#           
#-----------------------
#  Metal 1          584
#  Metal 2          563
#  Metal 3          624
#-----------------------
#                  1771 
#
#Total number of DRC violations = 0
#Total number of violations on LAYER METAL1 = 0
#Total number of violations on LAYER METAL2 = 0
#Total number of violations on LAYER METAL3 = 0
#Total number of violations on LAYER METAL4 = 0
#Total number of violations on LAYER METAL5 = 0
#Total number of violations on LAYER METAL6 = 0
#Total number of violations on LAYER METAL7 = 0
#
#start routing for process antenna violation fix ...
#cpu time = 00:00:00, elapsed time = 00:00:00, memory = 408.00 (Mb)
#
#Total wire length = 5735 um.
#Total half perimeter of net bounding box = 5000 um.
#Total wire length on LAYER METAL1 = 4 um.
#Total wire length on LAYER METAL2 = 125 um.
#Total wire length on LAYER METAL3 = 3019 um.
#Total wire length on LAYER METAL4 = 2588 um.
#Total wire length on LAYER METAL5 = 0 um.
#Total wire length on LAYER METAL6 = 0 um.
#Total wire length on LAYER METAL7 = 0 um.
#Total number of vias = 1771
#Up-Via Summary (total 1771):
#           
#-----------------------
#  Metal 1          584
#  Metal 2          563
#  Metal 3          624
#-----------------------
#                  1771 
#
#Total number of DRC violations = 0
#Total number of net violated process antenna rule = 0
#Total number of violations on LAYER METAL1 = 0
#Total number of violations on LAYER METAL2 = 0
#Total number of violations on LAYER METAL3 = 0
#Total number of violations on LAYER METAL4 = 0
#Total number of violations on LAYER METAL5 = 0
#Total number of violations on LAYER METAL6 = 0
#Total number of violations on LAYER METAL7 = 0
#
#detailRoute Statistics:
#Cpu time = 00:00:00
#Elapsed time = 00:00:00
#Increased memory = 11.00 (Mb)
#Total memory = 408.00 (Mb)
#Peak memory = 429.00 (Mb)
#
#globalDetailRoute statistics:
#Cpu time = 00:00:00
#Elapsed time = 00:00:00
#Increased memory = 11.00 (Mb)
#Total memory = 408.00 (Mb)
#Peak memory = 429.00 (Mb)
#Number of warnings = 0
#Total number of warnings = 2
#Number of fails = 0
#Total number of fails = 0
#Complete globalDetailRoute on Tue Oct  6 17:59:01 2026
#
*** Re-Route Steiner Clock Tree/Signal Net (cpu=0:00:00.3 mem=408.9M) ***
*** Look For Un-Routed Clock Tree Net ***
All-RC-Corners-Per-Net-In-Memory is turned ON...

# Analysis View: setup1_analysis_view
********** Clock scan_clk Clk-Route-Only Timing Analysis **********
Nr. of Subtrees                : 14
Nr. of Sinks                   : 372
Nr. of Buffer                  : 76
Nr. of Level (including gates) : 18
Root Rise Input Tran           : 0.1(ps)
Root Fall Input Tran           : 0.1(ps)
Max trig. edge delay at sink(R): UART/TX_INST/U1/current_state_reg[2]/CK 1714.6(ps)
Min trig. edge delay at sink(R): UART/RX_INST/U3/P_DATA_reg[2]/CK 1485.6(ps)


                                 (Actual)               (Required)          
Rise Phase Delay               : 1485.6~1714.6(ps)      0~100000(ps)        
Fall Phase Delay               : 1554.9~1950.9(ps)      0~100000(ps)        
Trig. Edge Skew                : 229(ps)                200(ps)             
Rise Skew                      : 229(ps)                
Fall Skew                      : 396(ps)                
Max. Rise Buffer Tran.         : 229.1(ps)              50(ps)              
Max. Fall Buffer Tran.         : 181.8(ps)              50(ps)              
Max. Rise Sink Tran.           : 57.2(ps)               50(ps)              
Max. Fall Sink Tran.           : 55.9(ps)               50(ps)              
Min. Rise Buffer Tran.         : 26.8(ps)               0(ps)               
Min. Fall Buffer Tran.         : 24.3(ps)               0(ps)               
Min. Rise Sink Tran.           : 44.6(ps)               0(ps)               
Min. Fall Sink Tran.           : 40.9(ps)               0(ps)               

view setup1_analysis_view : skew = 229ps (required = 200ps)
view setup2_analysis_view : skew = 229ps (required = 200ps)
view setup3_analysis_view : skew = 229ps (required = 200ps)
view hold1_analysis_view : skew = 89.4ps (required = 200ps)
view hold2_analysis_view : skew = 89.4ps (required = 200ps)
view hold3_analysis_view : skew = 89.4ps (required = 200ps)



# Analysis View: setup1_analysis_view
********** Clock UART_CLK Clk-Route-Only Timing Analysis **********
Nr. of Subtrees                : 10
Nr. of Sinks                   : 84
Nr. of Buffer                  : 27
Nr. of Level (including gates) : 16
Root Rise Input Tran           : 0.1(ps)
Root Fall Input Tran           : 0.1(ps)
Max trig. edge delay at sink(R): UART/TX_INST/U1/current_state_reg[2]/CK 1704.1(ps)
Min trig. edge delay at sink(R): UART/RX_INST/U3/P_DATA_reg[2]/CK 1475.1(ps)


                                 (Actual)               (Required)          
Rise Phase Delay               : 1475.1~1704.1(ps)      0~271267(ps)        
Fall Phase Delay               : 1528~1928(ps)          0~271267(ps)        
Trig. Edge Skew                : 229(ps)                200(ps)             
Rise Skew                      : 229(ps)                
Fall Skew                      : 400(ps)                
Max. Rise Buffer Tran.         : 229.1(ps)              50(ps)              
Max. Fall Buffer Tran.         : 181.8(ps)              50(ps)              
Max. Rise Sink Tran.           : 50.6(ps)               50(ps)              
Max. Fall Sink Tran.           : 46.7(ps)               50(ps)              
Min. Rise Buffer Tran.         : 20.7(ps)               0(ps)               
Min. Fall Buffer Tran.         : 18.6(ps)               0(ps)               
Min. Rise Sink Tran.           : 44.6(ps)               0(ps)               
Min. Fall Sink Tran.           : 40.9(ps)               0(ps)               

view setup1_analysis_view : skew = 229ps (required = 200ps)
view setup2_analysis_view : skew = 229ps (required = 200ps)
view setup3_analysis_view : skew = 229ps (required = 200ps)
view hold1_analysis_view : skew = 89.4ps (required = 200ps)
view hold2_analysis_view : skew = 89.4ps (required = 200ps)
view hold3_analysis_view : skew = 89.4ps (required = 200ps)



# Analysis View: setup1_analysis_view
********** Clock REF_CLK Clk-Route-Only Timing Analysis **********
Nr. of Subtrees                : 3
Nr. of Sinks                   : 288
Nr. of Buffer                  : 40
Nr. of Level (including gates) : 11
Root Rise Input Tran           : 0.1(ps)
Root Fall Input Tran           : 0.1(ps)
Max trig. edge delay at sink(R): ALU/u4/shift_out_reg[3]/CK 972.1(ps)
Min trig. edge delay at sink(R): Data_Synchronizer/sync_bus_reg[0]/CK 880.2(ps)


                                 (Actual)               (Required)          
Rise Phase Delay               : 880.2~972.1(ps)        0~20000(ps)         
Fall Phase Delay               : 947.4~1067.2(ps)       0~20000(ps)         
Trig. Edge Skew                : 91.9(ps)               200(ps)             
Rise Skew                      : 91.9(ps)               
Fall Skew                      : 119.8(ps)              
Max. Rise Buffer Tran.         : 91.5(ps)               50(ps)              
Max. Fall Buffer Tran.         : 89.5(ps)               50(ps)              
Max. Rise Sink Tran.           : 57.2(ps)               50(ps)              
Max. Fall Sink Tran.           : 55.9(ps)               50(ps)              
Min. Rise Buffer Tran.         : 21.3(ps)               0(ps)               
Min. Fall Buffer Tran.         : 19.1(ps)               0(ps)               
Min. Rise Sink Tran.           : 45.1(ps)               0(ps)               
Min. Fall Sink Tran.           : 43.1(ps)               0(ps)               

view setup1_analysis_view : skew = 91.9ps (required = 200ps)
view setup2_analysis_view : skew = 91.9ps (required = 200ps)
view setup3_analysis_view : skew = 91.9ps (required = 200ps)
view hold1_analysis_view : skew = 29.1ps (required = 200ps)
view hold2_analysis_view : skew = 29.1ps (required = 200ps)
view hold3_analysis_view : skew = 29.1ps (required = 200ps)


Clock Analysis (CPU Time 0:00:00.1)


All-RC-Corners-Per-Net-In-Memory is turned OFF...
Switching to the default view 'setup1_analysis_view' ...
The clock tree scan_clk has crossover cell(s).
The clock tree UART_CLK has crossover cell(s).
The clock tree REF_CLK has crossover cell(s).

*** None of the buffer chains at roots are modified by the fine-tune process.

All-RC-Corners-Per-Net-In-Memory is turned ON...

# Analysis View: setup1_analysis_view
********** Clock scan_clk Clk-Route-Only Timing Analysis **********
Nr. of Subtrees                : 14
Nr. of Sinks                   : 372
Nr. of Buffer                  : 76
Nr. of Level (including gates) : 18
Root Rise Input Tran           : 0.1(ps)
Root Fall Input Tran           : 0.1(ps)
Max trig. edge delay at sink(R): UART/TX_INST/U1/current_state_reg[2]/CK 1714.6(ps)
Min trig. edge delay at sink(R): UART/RX_INST/U3/P_DATA_reg[2]/CK 1485.6(ps)


                                 (Actual)               (Required)          
Rise Phase Delay               : 1485.6~1714.6(ps)      0~100000(ps)        
Fall Phase Delay               : 1554.9~1950.9(ps)      0~100000(ps)        
Trig. Edge Skew                : 229(ps)                200(ps)             
Rise Skew                      : 229(ps)                
Fall Skew                      : 396(ps)                
Max. Rise Buffer Tran.         : 229.1(ps)              50(ps)              
Max. Fall Buffer Tran.         : 181.8(ps)              50(ps)              
Max. Rise Sink Tran.           : 57.2(ps)               50(ps)              
Max. Fall Sink Tran.           : 55.9(ps)               50(ps)              
Min. Rise Buffer Tran.         : 26.8(ps)               0(ps)               
Min. Fall Buffer Tran.         : 24.3(ps)               0(ps)               
Min. Rise Sink Tran.           : 44.6(ps)               0(ps)               
Min. Fall Sink Tran.           : 40.9(ps)               0(ps)               

view setup1_analysis_view : skew = 229ps (required = 200ps)
view setup2_analysis_view : skew = 229ps (required = 200ps)
view setup3_analysis_view : skew = 229ps (required = 200ps)
view hold1_analysis_view : skew = 89.4ps (required = 200ps)
view hold2_analysis_view : skew = 89.4ps (required = 200ps)
view hold3_analysis_view : skew = 89.4ps (required = 200ps)


Clock scan_clk has been routed. Routing guide will not be generated.
enter checking logic.

# Analysis View: setup1_analysis_view
********** Clock UART_CLK Clk-Route-Only Timing Analysis **********
Nr. of Subtrees                : 10
Nr. of Sinks                   : 84
Nr. of Buffer                  : 27
Nr. of Level (including gates) : 16
Root Rise Input Tran           : 0.1(ps)
Root Fall Input Tran           : 0.1(ps)
Max trig. edge delay at sink(R): UART/TX_INST/U1/current_state_reg[2]/CK 1704.1(ps)
Min trig. edge delay at sink(R): UART/RX_INST/U3/P_DATA_reg[2]/CK 1475.1(ps)


                                 (Actual)               (Required)          
Rise Phase Delay               : 1475.1~1704.1(ps)      0~271267(ps)        
Fall Phase Delay               : 1528~1928(ps)          0~271267(ps)        
Trig. Edge Skew                : 229(ps)                200(ps)             
Rise Skew                      : 229(ps)                
Fall Skew                      : 400(ps)                
Max. Rise Buffer Tran.         : 229.1(ps)              50(ps)              
Max. Fall Buffer Tran.         : 181.8(ps)              50(ps)              
Max. Rise Sink Tran.           : 50.6(ps)               50(ps)              
Max. Fall Sink Tran.           : 46.7(ps)               50(ps)              
Min. Rise Buffer Tran.         : 20.7(ps)               0(ps)               
Min. Fall Buffer Tran.         : 18.6(ps)               0(ps)               
Min. Rise Sink Tran.           : 44.6(ps)               0(ps)               
Min. Fall Sink Tran.           : 40.9(ps)               0(ps)               

view setup1_analysis_view : skew = 229ps (required = 200ps)
view setup2_analysis_view : skew = 229ps (required = 200ps)
view setup3_analysis_view : skew = 229ps (required = 200ps)
view hold1_analysis_view : skew = 89.4ps (required = 200ps)
view hold2_analysis_view : skew = 89.4ps (required = 200ps)
view hold3_analysis_view : skew = 89.4ps (required = 200ps)


Clock UART_CLK has been routed. Routing guide will not be generated.
enter checking logic.
*** Look For Reconvergent Clock Component ***
The clock tree REF_CLK has no reconvergent cell.

# Analysis View: setup1_analysis_view
********** Clock REF_CLK Clk-Route-Only Timing Analysis **********
Nr. of Subtrees                : 3
Nr. of Sinks                   : 288
Nr. of Buffer                  : 40
Nr. of Level (including gates) : 11
Root Rise Input Tran           : 0.1(ps)
Root Fall Input Tran           : 0.1(ps)
Max trig. edge delay at sink(R): ALU/u4/shift_out_reg[3]/CK 972.1(ps)
Min trig. edge delay at sink(R): Data_Synchronizer/sync_bus_reg[0]/CK 880.2(ps)


                                 (Actual)               (Required)          
Rise Phase Delay               : 880.2~972.1(ps)        0~20000(ps)         
Fall Phase Delay               : 947.4~1067.2(ps)       0~20000(ps)         
Trig. Edge Skew                : 91.9(ps)               200(ps)             
Rise Skew                      : 91.9(ps)               
Fall Skew                      : 119.8(ps)              
Max. Rise Buffer Tran.         : 91.5(ps)               50(ps)              
Max. Fall Buffer Tran.         : 89.5(ps)               50(ps)              
Max. Rise Sink Tran.           : 57.2(ps)               50(ps)              
Max. Fall Sink Tran.           : 55.9(ps)               50(ps)              
Min. Rise Buffer Tran.         : 21.3(ps)               0(ps)               
Min. Fall Buffer Tran.         : 19.1(ps)               0(ps)               
Min. Rise Sink Tran.           : 45.1(ps)               0(ps)               
Min. Fall Sink Tran.           : 43.1(ps)               0(ps)               

view setup1_analysis_view : skew = 91.9ps (required = 200ps)
view setup2_analysis_view : skew = 91.9ps (required = 200ps)
view setup3_analysis_view : skew = 91.9ps (required = 200ps)
view hold1_analysis_view : skew = 29.1ps (required = 200ps)
view hold2_analysis_view : skew = 29.1ps (required = 200ps)
view hold3_analysis_view : skew = 29.1ps (required = 200ps)


Clock REF_CLK has been routed. Routing guide will not be generated.
enter checking logic.
Generating Clock Analysis Report clock_report/clock.report ....
Generating Clock Routing Guide SYS_TOP.rguide ....
Clock Analysis (CPU Time 0:00:00.1)


All-RC-Corners-Per-Net-In-Memory is turned OFF...
*** End ckSynthesis (cpu=0:00:08.5, real=0:00:09.0, mem=408.9M) ***
<clockDesign CMD> timeDesign -postCTS -outDir clock_report
-engine default                        # enums={feDC signalStorm default}, default=default, user setting
-signOff false                         # bool, default=false
*** Starting trialRoute (mem=408.9M) ***

There are 0 pin guide points passed to trialRoute.
Options:  -handlePreroute -keepMarkedOptRoutes -noPinGuide

Nr of prerouted/Fixed nets = 92
There are 92 nets with 1 extra space.
routingBox: (0 0) (480940 320940)
coreBox:    (12300 12300) (468940 308940)
There are 92 prerouted nets with extraSpace.
Number of multi-gpin terms=195, multi-gpins=391, moved blk term=0/224

Phase 1a route (0:00:00.0 408.9M):
Est net length = 6.781e+04um = 4.039e+04H + 2.742e+04V
Usage: (26.5%H 24.7%V) = (5.921e+04um 6.254e+04um) = (28750 21791)
Obstruct: 147 = 0 (0.0%H) + 147 (2.3%V)
Overflow: 76 = 20 (0.31% H) + 56 (0.91% V)
Number obstruct path=32 reroute=0

There are 92 prerouted nets with extraSpace.
Phase 1b route (0:00:00.0 408.9M):
Usage: (26.4%H 24.7%V) = (5.912e+04um 6.259e+04um) = (28703 21807)
Overflow: 59 = 2 (0.04% H) + 57 (0.92% V)

Phase 1c route (0:00:00.0 408.9M):
Usage: (26.4%H 24.7%V) = (5.901e+04um 6.254e+04um) = (28654 21792)
Overflow: 56 = 1 (0.02% H) + 54 (0.88% V)

Phase 1d route (0:00:00.0 408.9M):
Usage: (26.4%H 24.7%V) = (5.902e+04um 6.256e+04um) = (28658 21797)
Overflow: 49 = 0 (0.00% H) + 49 (0.80% V)

Phase 1e route (0:00:00.0 408.9M):
Usage: (26.4%H 24.7%V) = (5.903e+04um 6.257e+04um) = (28664 21803)
Overflow: 36 = 0 (0.00% H) + 36 (0.59% V)

Phase 1f route (0:00:00.0 408.9M):
Usage: (26.4%H 24.7%V) = (5.906e+04um 6.260e+04um) = (28679 21811)
Overflow: 26 = 0 (0.00% H) + 26 (0.42% V)

Congestion distribution:

Remain	cntH		cntV
--------------------------------------
 -2:	0	 0.00%	5	 0.08%
 -1:	0	 0.00%	19	 0.31%
--------------------------------------
  0:	4	 0.06%	79	 1.28%
  1:	10	 0.16%	54	 0.87%
  2:	24	 0.38%	66	 1.07%
  3:	60	 0.95%	48	 0.78%
  4:	76	 1.20%	66	 1.07%
  5:	121	 1.91%	86	 1.39%
  6:	134	 2.12%	143	 2.31%
  7:	177	 2.80%	250	 4.05%
  8:	234	 3.70%	334	 5.41%
  9:	305	 4.82%	617	 9.99%
 10:	439	 6.94%	715	11.57%
 11:	585	 9.25%	824	13.34%
 12:	602	 9.52%	862	13.95%
 13:	697	11.02%	750	12.14%
 14:	760	12.02%	552	 8.93%
 15:	791	12.51%	669	10.83%
 16:	689	10.89%	11	 0.18%
 17:	347	 5.49%	8	 0.13%
 18:	155	 2.45%	14	 0.23%
 20:	115	 1.82%	6	 0.10%


Using detail cap. scale factor for clock nets.
Initializing multi-corner capacitance tables ... 
Initializing multi-corner resistance tables ...

*** Memory Usage v0.144 (Current mem = 408.871M, initial mem = 62.238M) ***
Phase 1l route (0:00:00.1 408.9M):
There are 92 prerouted nets with extraSpace.


*** After '-updateRemainTrks' operation: 

Usage: (27.7%H 26.3%V) = (6.199e+04um 6.676e+04um) = (30093 23262)
Overflow: 60 = 8 (0.13% H) + 52 (0.84% V)

Congestion distribution:

Remain	cntH		cntV
--------------------------------------
 -5:	0	 0.00%	2	 0.03%
 -3:	0	 0.00%	3	 0.05%
 -2:	3	 0.05%	6	 0.10%
 -1:	4	 0.06%	34	 0.55%
--------------------------------------
  0:	17	 0.27%	69	 1.12%
  1:	24	 0.38%	64	 1.04%
  2:	49	 0.77%	72	 1.17%
  3:	60	 0.95%	68	 1.10%
  4:	103	 1.63%	82	 1.33%
  5:	121	 1.91%	109	 1.76%
  6:	134	 2.12%	179	 2.90%
  7:	174	 2.75%	270	 4.37%
  8:	252	 3.98%	406	 6.57%
  9:	329	 5.20%	603	 9.76%
 10:	457	 7.23%	643	10.41%
 11:	588	 9.30%	789	12.77%
 12:	577	 9.12%	801	12.97%
 13:	680	10.75%	723	11.70%
 14:	727	11.49%	548	 8.87%
 15:	764	12.08%	668	10.81%
 16:	676	10.69%	11	 0.18%
 17:	321	 5.08%	8	 0.13%
 18:	150	 2.37%	14	 0.23%
 20:	115	 1.82%	6	 0.10%



*** Completed Phase 1 route (0:00:00.1 408.9M) ***


Total length: 7.794e+04um, number of vias: 22353
M1(H) length: 6.232e+00um, number of vias: 9566
M2(V) length: 2.175e+04um, number of vias: 8913
M3(H) length: 3.269e+04um, number of vias: 2663
M4(V) length: 1.204e+04um, number of vias: 1036
M5(H) length: 9.980e+03um, number of vias: 120
M6(V) length: 7.138e+02um, number of vias: 55
M7(H) length: 7.622e+02um
*** Completed Phase 2 route (0:00:00.0 408.9M) ***

*** Finished all Phases (cpu=0:00:00.2 mem=408.9M) ***
Peak Memory Usage was 408.9M 
*** Finished trialRoute (cpu=0:00:00.2 mem=408.9M) ***

Default RC Extraction called for design SYS_TOP.
RC Extraction called in multi-corner(1) mode.
RCMode: Default
      RC Corner Indexes            0   
Capacitance Scaling Factor   : 1.00000 
Coupling Cap. Scaling Factor : 1.00000 
Resistance Scaling Factor    : 1.00000 
Shrink Factor                : 1.00000
Default RC extraction is honoring NDR/Shielding/ExtraSpace for clock nets.
Using detail cap. scale factor for clock nets.
Initializing multi-corner capacitance tables ... 
Initializing multi-corner resistance tables ...
Default RC Extraction DONE (CPU Time: 0:00:00.0  Real Time: 0:00:00.0  MEM: 408.871M)
Found active setup analysis view setup1_analysis_view
Found active setup analysis view setup2_analysis_view
Found active setup analysis view setup3_analysis_view
Found active hold analysis view hold1_analysis_view
Found active hold analysis view hold2_analysis_view
Found active hold analysis view hold3_analysis_view

------------------------------------------------------------
          timeDesign Summary                             
------------------------------------------------------------

+--------------------+---------+---------+---------+---------+---------+---------+
|     Setup mode     |   all   | reg2reg | in2reg  | reg2out | in2out  | clkgate |
+--------------------+---------+---------+---------+---------+---------+---------+
|           WNS (ns):|  3.318  |  3.318  | 17.157  | 77.110  |   N/A   | 17.639  |
|           TNS (ns):|  0.000  |  0.000  |  0.000  |  0.000  |   N/A   |  0.000  |
|    Violating Paths:|    0    |    0    |    0    |    0    |   N/A   |    0    |
|          All Paths:|  1062   |  1048   |   326   |    7    |   N/A   |    1    |
+--------------------+---------+---------+---------+---------+---------+---------+

+----------------+---------------------------+--------------+
|                |            Real           |     Total    |
|    DRVs        +--------------+------------+--------------|
|                |Nr nets(terms)| Worst Vio  |Nr nets(terms)|
+----------------+--------------+------------+--------------+
|   max_cap      |    0 (0)     |   0.000    |    0 (0)     |
|   max_tran     |    0 (0)     |   0.000    |    0 (0)     |
|   max_fanout   |    0 (0)     |     0      |    0 (0)     |
+----------------+--------------+------------+--------------+

Density: 93.142%
Routing Overflow: 0.13% H and 0.84% V
------------------------------------------------------------
Reported timing to dir clock_report
Total CPU time: 0.89 sec
Total Real time: 0.0 sec
Total Memory Usage: 408.871094 Mbytes
<CMD> clearClockDomains
<CMD> setClockDomains -all
setClockDomains -all 
**WARN: (SOCSYC-1873):	The setClockDomains -all option is unsupported in CTE mode 
<CMD> timeDesign -postCTS -pathReports -drvReports -slackReports -numPaths 50 -prefix SYS_TOP_postCTS -outDir timingReports
-engine default                        # enums={feDC signalStorm default}, default=default, user setting
-signOff false                         # bool, default=false
*** Starting trialRoute (mem=408.9M) ***

There are 0 pin guide points passed to trialRoute.
Options:  -handlePreroute -keepMarkedOptRoutes -noPinGuide

Nr of prerouted/Fixed nets = 92
There are 92 nets with 1 extra space.
routingBox: (0 0) (480940 320940)
coreBox:    (12300 12300) (468940 308940)
There are 92 prerouted nets with extraSpace.
Number of multi-gpin terms=195, multi-gpins=391, moved blk term=0/224

Phase 1a route (0:00:00.0 408.9M):
Est net length = 6.781e+04um = 4.039e+04H + 2.742e+04V
Usage: (26.5%H 24.7%V) = (5.921e+04um 6.254e+04um) = (28750 21791)
Obstruct: 147 = 0 (0.0%H) + 147 (2.3%V)
Overflow: 76 = 20 (0.31% H) + 56 (0.91% V)
Number obstruct path=32 reroute=0

There are 92 prerouted nets with extraSpace.
Phase 1b route (0:00:00.0 408.9M):
Usage: (26.4%H 24.7%V) = (5.912e+04um 6.259e+04um) = (28703 21807)
Overflow: 59 = 2 (0.04% H) + 57 (0.92% V)

Phase 1c route (0:00:00.0 408.9M):
Usage: (26.4%H 24.7%V) = (5.901e+04um 6.254e+04um) = (28654 21792)
Overflow: 56 = 1 (0.02% H) + 54 (0.88% V)

Phase 1d route (0:00:00.0 408.9M):
Usage: (26.4%H 24.7%V) = (5.902e+04um 6.256e+04um) = (28658 21797)
Overflow: 49 = 0 (0.00% H) + 49 (0.80% V)

Phase 1e route (0:00:00.0 408.9M):
Usage: (26.4%H 24.7%V) = (5.903e+04um 6.257e+04um) = (28664 21803)
Overflow: 36 = 0 (0.00% H) + 36 (0.59% V)

Phase 1f route (0:00:00.0 408.9M):
Usage: (26.4%H 24.7%V) = (5.906e+04um 6.260e+04um) = (28679 21811)
Overflow: 26 = 0 (0.00% H) + 26 (0.42% V)

Congestion distribution:

Remain	cntH		cntV
--------------------------------------
 -2:	0	 0.00%	5	 0.08%
 -1:	0	 0.00%	19	 0.31%
--------------------------------------
  0:	4	 0.06%	79	 1.28%
  1:	10	 0.16%	54	 0.87%
  2:	24	 0.38%	66	 1.07%
  3:	60	 0.95%	48	 0.78%
  4:	76	 1.20%	66	 1.07%
  5:	121	 1.91%	86	 1.39%
  6:	134	 2.12%	143	 2.31%
  7:	177	 2.80%	250	 4.05%
  8:	234	 3.70%	334	 5.41%
  9:	305	 4.82%	617	 9.99%
 10:	439	 6.94%	715	11.57%
 11:	585	 9.25%	824	13.34%
 12:	602	 9.52%	862	13.95%
 13:	697	11.02%	750	12.14%
 14:	760	12.02%	552	 8.93%
 15:	791	12.51%	669	10.83%
 16:	689	10.89%	11	 0.18%
 17:	347	 5.49%	8	 0.13%
 18:	155	 2.45%	14	 0.23%
 20:	115	 1.82%	6	 0.10%


Using detail cap. scale factor for clock nets.
Initializing multi-corner capacitance tables ... 
Initializing multi-corner resistance tables ...

*** Memory Usage v0.144 (Current mem = 408.871M, initial mem = 62.238M) ***
Phase 1l route (0:00:00.1 408.9M):
There are 92 prerouted nets with extraSpace.


*** After '-updateRemainTrks' operation: 

Usage: (27.7%H 26.3%V) = (6.199e+04um 6.676e+04um) = (30093 23262)
Overflow: 60 = 8 (0.13% H) + 52 (0.84% V)

Congestion distribution:

Remain	cntH		cntV
--------------------------------------
 -5:	0	 0.00%	2	 0.03%
 -3:	0	 0.00%	3	 0.05%
 -2:	3	 0.05%	6	 0.10%
 -1:	4	 0.06%	34	 0.55%
--------------------------------------
  0:	17	 0.27%	69	 1.12%
  1:	24	 0.38%	64	 1.04%
  2:	49	 0.77%	72	 1.17%
  3:	60	 0.95%	68	 1.10%
  4:	103	 1.63%	82	 1.33%
  5:	121	 1.91%	109	 1.76%
  6:	134	 2.12%	179	 2.90%
  7:	174	 2.75%	270	 4.37%
  8:	252	 3.98%	406	 6.57%
  9:	329	 5.20%	603	 9.76%
 10:	457	 7.23%	643	10.41%
 11:	588	 9.30%	789	12.77%
 12:	577	 9.12%	801	12.97%
 13:	680	10.75%	723	11.70%
 14:	727	11.49%	548	 8.87%
 15:	764	12.08%	668	10.81%
 16:	676	10.69%	11	 0.18%
 17:	321	 5.08%	8	 0.13%
 18:	150	 2.37%	14	 0.23%
 20:	115	 1.82%	6	 0.10%



*** Completed Phase 1 route (0:00:00.1 408.9M) ***


Total length: 7.794e+04um, number of vias: 22353
M1(H) length: 6.232e+00um, number of vias: 9566
M2(V) length: 2.175e+04um, number of vias: 8913
M3(H) length: 3.269e+04um, number of vias: 2663
M4(V) length: 1.204e+04um, number of vias: 1036
M5(H) length: 9.980e+03um, number of vias: 120
M6(V) length: 7.138e+02um, number of vias: 55
M7(H) length: 7.622e+02um
*** Completed Phase 2 route (0:00:00.0 408.9M) ***

*** Finished all Phases (cpu=0:00:00.2 mem=408.9M) ***
Peak Memory Usage was 408.9M 
*** Finished trialRoute (cpu=0:00:00.2 mem=408.9M) ***

Default RC Extraction called for design SYS_TOP.
RC Extraction called in multi-corner(1) mode.
RCMode: Default
      RC Corner Indexes            0   
Capacitance Scaling Factor   : 1.00000 
Coupling Cap. Scaling Factor : 1.00000 
Resistance Scaling Factor    : 1.00000 
Shrink Factor                : 1.00000
Default RC extraction is honoring NDR/Shielding/ExtraSpace for clock nets.
Using detail cap. scale factor for clock nets.
Initializing multi-corner capacitance tables ... 
Initializing multi-corner resistance tables ...
Default RC Extraction DONE (CPU Time: 0:00:00.0  Real Time: 0:00:00.0  MEM: 408.871M)
Found active setup analysis view setup1_analysis_view
Found active setup analysis view setup2_analysis_view
Found active setup analysis view setup3_analysis_view
Found active hold analysis view hold1_analysis_view
Found active hold analysis view hold2_analysis_view
Found active hold analysis view hold3_analysis_view

------------------------------------------------------------
          timeDesign Summary                             
------------------------------------------------------------

+--------------------+---------+---------+---------+---------+---------+---------+
|     Setup mode     |   all   | reg2reg | in2reg  | reg2out | in2out  | clkgate |
+--------------------+---------+---------+---------+---------+---------+---------+
|           WNS (ns):|  3.318  |  3.318  | 17.157  | 77.110  |   N/A   | 17.639  |
|           TNS (ns):|  0.000  |  0.000  |  0.000  |  0.000  |   N/A   |  0.000  |
|    Violating Paths:|    0    |    0    |    0    |    0    |   N/A   |    0    |
|          All Paths:|  1062   |  1048   |   326   |    7    |   N/A   |    1    |
+--------------------+---------+---------+---------+---------+---------+---------+

+----------------+---------------------------+--------------+
|                |            Real           |     Total    |
|    DRVs        +--------------+------------+--------------|
|                |Nr nets(terms)| Worst Vio  |Nr nets(terms)|
+----------------+--------------+------------+--------------+
|   max_cap      |    0 (0)     |   0.000    |    0 (0)     |
|   max_tran     |    0 (0)     |   0.000    |    0 (0)     |
|   max_fanout   |    0 (0)     |     0      |    0 (0)     |
+----------------+--------------+------------+--------------+

Density: 93.142%
Routing Overflow: 0.13% H and 0.84% V
------------------------------------------------------------
Reported timing to dir timingReports
Total CPU time: 0.82 sec
Total Real time: 1.0 sec
Total Memory Usage: 408.871094 Mbytes
<CMD> clearClockDomains
<CMD> setClockDomains -all
setClockDomains -all 
**WARN: (SOCSYC-1873):	The setClockDomains -all option is unsupported in CTE mode 
<CMD> timeDesign -postCTS -hold -pathReports -slackReports -numPaths 50 -prefix SYS_TOP_postCTS -outDir timingReports
-engine default                        # enums={feDC signalStorm default}, default=default, user setting
-signOff false                         # bool, default=false
*** Starting trialRoute (mem=408.9M) ***

There are 0 pin guide points passed to trialRoute.
Options:  -handlePreroute -keepMarkedOptRoutes -noPinGuide

Nr of prerouted/Fixed nets = 92
There are 92 nets with 1 extra space.
routingBox: (0 0) (480940 320940)
coreBox:    (12300 12300) (468940 308940)
There are 92 prerouted nets with extraSpace.
Number of multi-gpin terms=195, multi-gpins=391, moved blk term=0/224

Phase 1a route (0:00:00.0 408.9M):
Est net length = 6.781e+04um = 4.039e+04H + 2.742e+04V
Usage: (26.5%H 24.7%V) = (5.921e+04um 6.254e+04um) = (28750 21791)
Obstruct: 147 = 0 (0.0%H) + 147 (2.3%V)
Overflow: 76 = 20 (0.31% H) + 56 (0.91% V)
Number obstruct path=32 reroute=0

There are 92 prerouted nets with extraSpace.
Phase 1b route (0:00:00.0 408.9M):
Usage: (26.4%H 24.7%V) = (5.912e+04um 6.259e+04um) = (28703 21807)
Overflow: 59 = 2 (0.04% H) + 57 (0.92% V)

Phase 1c route (0:00:00.0 408.9M):
Usage: (26.4%H 24.7%V) = (5.901e+04um 6.254e+04um) = (28654 21792)
Overflow: 56 = 1 (0.02% H) + 54 (0.88% V)

Phase 1d route (0:00:00.0 408.9M):
Usage: (26.4%H 24.7%V) = (5.902e+04um 6.256e+04um) = (28658 21797)
Overflow: 49 = 0 (0.00% H) + 49 (0.80% V)

Phase 1e route (0:00:00.0 408.9M):
Usage: (26.4%H 24.7%V) = (5.903e+04um 6.257e+04um) = (28664 21803)
Overflow: 36 = 0 (0.00% H) + 36 (0.59% V)

Phase 1f route (0:00:00.0 408.9M):
Usage: (26.4%H 24.7%V) = (5.906e+04um 6.260e+04um) = (28679 21811)
Overflow: 26 = 0 (0.00% H) + 26 (0.42% V)

Congestion distribution:

Remain	cntH		cntV
--------------------------------------
 -2:	0	 0.00%	5	 0.08%
 -1:	0	 0.00%	19	 0.31%
--------------------------------------
  0:	4	 0.06%	79	 1.28%
  1:	10	 0.16%	54	 0.87%
  2:	24	 0.38%	66	 1.07%
  3:	60	 0.95%	48	 0.78%
  4:	76	 1.20%	66	 1.07%
  5:	121	 1.91%	86	 1.39%
  6:	134	 2.12%	143	 2.31%
  7:	177	 2.80%	250	 4.05%
  8:	234	 3.70%	334	 5.41%
  9:	305	 4.82%	617	 9.99%
 10:	439	 6.94%	715	11.57%
 11:	585	 9.25%	824	13.34%
 12:	602	 9.52%	862	13.95%
 13:	697	11.02%	750	12.14%
 14:	760	12.02%	552	 8.93%
 15:	791	12.51%	669	10.83%
 16:	689	10.89%	11	 0.18%
 17:	347	 5.49%	8	 0.13%
 18:	155	 2.45%	14	 0.23%
 20:	115	 1.82%	6	 0.10%


Using detail cap. scale factor for clock nets.
Initializing multi-corner capacitance tables ... 
Initializing multi-corner resistance tables ...

*** Memory Usage v0.144 (Current mem = 408.871M, initial mem = 62.238M) ***
Phase 1l route (0:00:00.1 408.9M):
There are 92 prerouted nets with extraSpace.


*** After '-updateRemainTrks' operation: 

Usage: (27.7%H 26.3%V) = (6.199e+04um 6.676e+04um) = (30093 23262)
Overflow: 60 = 8 (0.13% H) + 52 (0.84% V)

Congestion distribution:

Remain	cntH		cntV
--------------------------------------
 -5:	0	 0.00%	2	 0.03%
 -3:	0	 0.00%	3	 0.05%
 -2:	3	 0.05%	6	 0.10%
 -1:	4	 0.06%	34	 0.55%
--------------------------------------
  0:	17	 0.27%	69	 1.12%
  1:	24	 0.38%	64	 1.04%
  2:	49	 0.77%	72	 1.17%
  3:	60	 0.95%	68	 1.10%
  4:	103	 1.63%	82	 1.33%
  5:	121	 1.91%	109	 1.76%
  6:	134	 2.12%	179	 2.90%
  7:	174	 2.75%	270	 4.37%
  8:	252	 3.98%	406	 6.57%
  9:	329	 5.20%	603	 9.76%
 10:	457	 7.23%	643	10.41%
 11:	588	 9.30%	789	12.77%
 12:	577	 9.12%	801	12.97%
 13:	680	10.75%	723	11.70%
 14:	727	11.49%	548	 8.87%
 15:	764	12.08%	668	10.81%
 16:	676	10.69%	11	 0.18%
 17:	321	 5.08%	8	 0.13%
 18:	150	 2.37%	14	 0.23%
 20:	115	 1.82%	6	 0.10%



*** Completed Phase 1 route (0:00:00.1 408.9M) ***


Total length: 7.794e+04um, number of vias: 22353
M1(H) length: 6.232e+00um, number of vias: 9566
M2(V) length: 2.175e+04um, number of vias: 8913
M3(H) length: 3.269e+04um, number of vias: 2663
M4(V) length: 1.204e+04um, number of vias: 1036
M5(H) length: 9.980e+03um, number of vias: 120
M6(V) length: 7.138e+02um, number of vias: 55
M7(H) length: 7.622e+02um
*** Completed Phase 2 route (0:00:00.0 408.9M) ***

*** Finished all Phases (cpu=0:00:00.2 mem=408.9M) ***
Peak Memory Usage was 408.9M 
*** Finished trialRoute (cpu=0:00:00.2 mem=408.9M) ***

Default RC Extraction called for design SYS_TOP.
RC Extraction called in multi-corner(1) mode.
RCMode: Default
      RC Corner Indexes            0   
Capacitance Scaling Factor   : 1.00000 
Coupling Cap. Scaling Factor : 1.00000 
Resistance Scaling Factor    : 1.00000 
Shrink Factor                : 1.00000
Default RC extraction is honoring NDR/Shielding/ExtraSpace for clock nets.
Using detail cap. scale factor for clock nets.
Initializing multi-corner capacitance tables ... 
Initializing multi-corner resistance tables ...
Default RC Extraction DONE (CPU Time: 0:00:00.0  Real Time: 0:00:00.0  MEM: 408.871M)
Found active setup analysis view setup1_analysis_view
Found active setup analysis view setup2_analysis_view
Found active setup analysis view setup3_analysis_view
Found active hold analysis view hold1_analysis_view
Found active hold analysis view hold2_analysis_view
Found active hold analysis view hold3_analysis_view

------------------------------------------------------------
          timeDesign Summary                             
------------------------------------------------------------

+--------------------+---------+---------+---------+---------+---------+---------+
|     Hold mode      |   all   | reg2reg | in2reg  | reg2out | in2out  | clkgate |
+--------------------+---------+---------+---------+---------+---------+---------+
|           WNS (ns):| -0.612  | -0.351  | -0.612  |  4.367  |   N/A   |  0.525  |
|           TNS (ns):| -28.084 | -0.670  | -27.414 |  0.000  |   N/A   |  0.000  |
|    Violating Paths:|   76    |    2    |   74    |    0    |   N/A   |    0    |
|          All Paths:|  1062   |  1048   |   326   |    7    |   N/A   |    1    |
+--------------------+---------+---------+---------+---------+---------+---------+

Density: 93.142%
Routing Overflow: 0.13% H and 0.84% V
------------------------------------------------------------
Reported timing to dir timingReports
Total CPU time: 0.83 sec
Total Real time: 1.0 sec
Total Memory Usage: 408.871094 Mbytes
**ERROR: (SOCSYT-16325):	Floorplan has no partitions.
<CMD> saveDesign /home/ahesham/Projects/System_pnr/pnr/SYS_TOP_post_cts.enc
Redoing specifyClockTree  -file Clock.ctstch  ...
Writing Netlist "/home/ahesham/Projects/System_pnr/pnr/SYS_TOP_post_cts.enc.dat/SYS_TOP.v" ...
Saving clock tree spec file '/home/ahesham/Projects/System_pnr/pnr/SYS_TOP_post_cts.enc.dat/SYS_TOP.ctstch' ...
Saving configuration ...
Saving preference file /home/ahesham/Projects/System_pnr/pnr/SYS_TOP_post_cts.enc.dat/enc.pref.tcl ...
Saving SI fix option to '/home/ahesham/Projects/System_pnr/pnr/SYS_TOP_post_cts.enc.dat/siFix.option'...
Saving floorplan ...
Saving Drc markers ...
... No Drc file written since there is no markers found.
Saving placement ...
*** Completed savePlace (cpu=0:00:00.0 real=0:00:00.0 mem=408.9M) ***
Saving route ...
*** Completed saveRoute (cpu=0:00:00.0 real=0:00:00.0 mem=408.9M) ***
*** Completed saveYieldMap (cpu=: 0:00:00.0 real=0:00:00.0 mem=: 0.000M) ***
Creating constraint file...
<CMD> refinePlace -preserveRouting
Starting refinePlace ...
Statistics of distance of Instance movement in detailed placement:
  maximum (X+Y) =         0.00 um
  mean    (X+Y) =         0.00 um
Total instances moved : 0
*** cpu=0:00:00.0   mem=408.9M  mem(used)=0.0M***
Total net length = 6.750e+04 (4.041e+04 2.710e+04) (ext = 2.098e+03)
default core: bins with density >  0.75 = 41.7 % ( 20 / 48 )
<CMD> setNanoRouteMode -routeWithEco true
<CMD> routeDesign -globalDetail -viaOpt -wireOpt
Begin checking placement ...
*info: Placed = 2089
*info: Unplaced = 0
Placement Density:93.14%(31067/33355)
Redoing specifyClockTree  -file Clock.ctstch  ...

changeUseClockNetStatus Option :  -noFixedNetWires 
*** Changed status on (92) nets in Clock.
*** End changeUseClockNetStatus (cpu=0:00:00.0, real=0:00:00.0, mem=408.9M) ***

globalDetailRoute

#Start globalDetailRoute on Tue Oct  6 18:01:10 2026
#
Using detail cap. scale factor for clock nets.
Initializing multi-corner capacitance tables ... 
Initializing multi-corner resistance tables ...
#NanoRoute Version v08.10-p008 NR081027-0018/USR58-UB
#Merging special wires...
#Number of eco nets is 0
#
#Start data preparation...
#
#Data preparation is done.
#
#  Resource Analysis:
#
#               Routing  #Avail      #Track     #Total     %Gcell
#  Layer      Direction   Track     Blocked      Gcell    Blocked
#  --------------------------------------------------------------
#  Metal 1        H         391           0        1014    82.25%
#  Metal 2        V         587           0        1014     0.00%
#  Metal 3        H         391           0        1014     0.00%
#  Metal 4        V         587           0        1014     0.00%
#  Metal 5        H         391           0        1014     0.00%
#  Metal 6        V         587           0        1014     0.00%
#  Metal 7        H         195           0        1014     0.00%
#  --------------------------------------------------------------
#  Total                   3129       0.00%        7098    11.75%
#
#  92 nets (3.37%) with 1 preferred extra spacing.
#
#
#cpu time = 00:00:00, elapsed time = 00:00:00, memory = 408.00 (Mb)
#
#start global routing iteration 1...
#cpu time = 00:00:00, elapsed time = 00:00:00, memory = 408.00 (Mb)
#
#start global routing iteration 2...
#cpu time = 00:00:00, elapsed time = 00:00:00, memory = 408.00 (Mb)
#
#start global routing iteration 3...
#cpu time = 00:00:00, elapsed time = 00:00:00, memory = 408.00 (Mb)
#
#start global routing iteration 4...
#cpu time = 00:00:00, elapsed time = 00:00:00, memory = 408.00 (Mb)
#
#
#  Congestion Analysis: (blocked Gcells are excluded from the statistics)
#
#                 OverCon       OverCon       OverCon       OverCon          
#                  #Gcell        #Gcell        #Gcell        #Gcell    %Gcell
#     Layer         (1-2)         (3-5)         (6-8)        (9-11)   OverCon
#  --------------------------------------------------------------------------
#   Metal 1      0(0.00%)      0(0.00%)      0(0.00%)      0(0.00%)   (0.00%)
#   Metal 2     65(6.41%)     24(2.37%)     13(1.28%)      2(0.20%)   (10.3%)
#   Metal 3     14(1.38%)      4(0.39%)      0(0.00%)      0(0.00%)   (1.78%)
#   Metal 4      0(0.00%)      0(0.00%)      0(0.00%)      0(0.00%)   (0.00%)
#   Metal 5      0(0.00%)      0(0.00%)      0(0.00%)      0(0.00%)   (0.00%)
#   Metal 6      0(0.00%)      0(0.00%)      0(0.00%)      0(0.00%)   (0.00%)
#   Metal 7      0(0.00%)      0(0.00%)      0(0.00%)      0(0.00%)   (0.00%)
#  --------------------------------------------------------------------------
#     Total     79(1.26%)     28(0.45%)     13(0.21%)      2(0.03%)   (1.94%)
#
#  The worst congested Gcell overcon (routing demand over resource in number of tracks) = 11
#
#Complete Global Routing.
#Total wire length = 91367 um.
#Total half perimeter of net bounding box = 68687 um.
#Total wire length on LAYER METAL1 = 1597 um.
#Total wire length on LAYER METAL2 = 22411 um.
#Total wire length on LAYER METAL3 = 31160 um.
#Total wire length on LAYER METAL4 = 18515 um.
#Total wire length on LAYER METAL5 = 11150 um.
#Total wire length on LAYER METAL6 = 4018 um.
#Total wire length on LAYER METAL7 = 2515 um.
#Total number of vias = 17741
#Up-Via Summary (total 17741):
#           
#-----------------------
#  Metal 1         7733
#  Metal 2         6138
#  Metal 3         2461
#  Metal 4         1000
#  Metal 5          276
#  Metal 6          133
#-----------------------
#                 17741 
#
#Max overcon = 11 tracks.
#Total overcon = 1.94%.
#Worst layer Gcell overcon rate = 10.26%.
#Cpu time = 00:00:01
#Elapsed time = 00:00:01
#Increased memory = 0.00 (Mb)
#Total memory = 408.00 (Mb)
#Peak memory = 429.00 (Mb)
#
#Start Detail Routing.
#start initial detail routing ...
# ECO: 0.0% of the total area was rechecked for DRC, and 100.0% required routing.
#    number of violations = 63
#cpu time = 00:00:04, elapsed time = 00:00:04, memory = 409.00 (Mb)
#start 1st optimization iteration ...
#    number of violations = 0
#cpu time = 00:00:01, elapsed time = 00:00:01, memory = 409.00 (Mb)
#Complete Detail Routing.
#Total wire length = 82603 um.
#Total half perimeter of net bounding box = 68687 um.
#Total wire length on LAYER METAL1 = 966 um.
#Total wire length on LAYER METAL2 = 20538 um.
#Total wire length on LAYER METAL3 = 33042 um.
#Total wire length on LAYER METAL4 = 13935 um.
#Total wire length on LAYER METAL5 = 9413 um.
#Total wire length on LAYER METAL6 = 3214 um.
#Total wire length on LAYER METAL7 = 1494 um.
#Total number of vias = 25440
#Up-Via Summary (total 25440):
#           
#-----------------------
#  Metal 1         9578
#  Metal 2        10601
#  Metal 3         3622
#  Metal 4         1342
#  Metal 5          224
#  Metal 6           73
#-----------------------
#                 25440 
#
#Total number of DRC violations = 0
#Total number of violations on LAYER METAL1 = 0
#Total number of violations on LAYER METAL2 = 0
#Total number of violations on LAYER METAL3 = 0
#Total number of violations on LAYER METAL4 = 0
#Total number of violations on LAYER METAL5 = 0
#Total number of violations on LAYER METAL6 = 0
#Total number of violations on LAYER METAL7 = 0
#
#start routing for process antenna violation fix ...
#cpu time = 00:00:00, elapsed time = 00:00:00, memory = 409.00 (Mb)
#
#Total wire length = 82603 um.
#Total half perimeter of net bounding box = 68687 um.
#Total wire length on LAYER METAL1 = 966 um.
#Total wire length on LAYER METAL2 = 20538 um.
#Total wire length on LAYER METAL3 = 33042 um.
#Total wire length on LAYER METAL4 = 13935 um.
#Total wire length on LAYER METAL5 = 9413 um.
#Total wire length on LAYER METAL6 = 3214 um.
#Total wire length on LAYER METAL7 = 1494 um.
#Total number of vias = 25440
#Up-Via Summary (total 25440):
#           
#-----------------------
#  Metal 1         9578
#  Metal 2        10601
#  Metal 3         3622
#  Metal 4         1342
#  Metal 5          224
#  Metal 6           73
#-----------------------
#                 25440 
#
#Total number of DRC violations = 0
#Total number of net violated process antenna rule = 0
#Total number of violations on LAYER METAL1 = 0
#Total number of violations on LAYER METAL2 = 0
#Total number of violations on LAYER METAL3 = 0
#Total number of violations on LAYER METAL4 = 0
#Total number of violations on LAYER METAL5 = 0
#Total number of violations on LAYER METAL6 = 0
#Total number of violations on LAYER METAL7 = 0
#
#detailRoute Statistics:
#Cpu time = 00:00:04
#Elapsed time = 00:00:04
#Increased memory = 1.00 (Mb)
#Total memory = 409.00 (Mb)
#Peak memory = 429.00 (Mb)
#
#globalDetailRoute statistics:
#Cpu time = 00:00:05
#Elapsed time = 00:00:05
#Increased memory = 1.00 (Mb)
#Total memory = 409.00 (Mb)
#Peak memory = 429.00 (Mb)
#Number of warnings = 0
#Total number of warnings = 2
#Number of fails = 0
#Total number of fails = 0
#Complete globalDetailRoute on Tue Oct  6 18:01:15 2026
#

detailRoute

#Start detailRoute on Tue Oct  6 18:01:15 2026
#
Using detail cap. scale factor for clock nets.
Initializing multi-corner capacitance tables ... 
Initializing multi-corner resistance tables ...
#NanoRoute Version v08.10-p008 NR081027-0018/USR58-UB
#Merging special wires...
#
#Start Detail Routing.
#start initial detail routing ...
#    number of violations = 0
#cpu time = 00:00:00, elapsed time = 00:00:00, memory = 409.00 (Mb)
#start 1st optimization iteration ...
#    number of violations = 0
#cpu time = 00:00:00, elapsed time = 00:00:00, memory = 409.00 (Mb)
#Complete Detail Routing.
#Total wire length = 82603 um.
#Total half perimeter of net bounding box = 68687 um.
#Total wire length on LAYER METAL1 = 966 um.
#Total wire length on LAYER METAL2 = 20538 um.
#Total wire length on LAYER METAL3 = 33042 um.
#Total wire length on LAYER METAL4 = 13935 um.
#Total wire length on LAYER METAL5 = 9413 um.
#Total wire length on LAYER METAL6 = 3214 um.
#Total wire length on LAYER METAL7 = 1494 um.
#Total number of vias = 25440
#Up-Via Summary (total 25440):
#           
#-----------------------
#  Metal 1         9578
#  Metal 2        10601
#  Metal 3         3622
#  Metal 4         1342
#  Metal 5          224
#  Metal 6           73
#-----------------------
#                 25440 
#
#Total number of DRC violations = 0
#Total number of violations on LAYER METAL1 = 0
#Total number of violations on LAYER METAL2 = 0
#Total number of violations on LAYER METAL3 = 0
#Total number of violations on LAYER METAL4 = 0
#Total number of violations on LAYER METAL5 = 0
#Total number of violations on LAYER METAL6 = 0
#Total number of violations on LAYER METAL7 = 0
#
#start routing for via minimization ...
#Total wire length = 82122 um.
#Total half perimeter of net bounding box = 68687 um.
#Total wire length on LAYER METAL1 = 766 um.
#Total wire length on LAYER METAL2 = 26313 um.
#Total wire length on LAYER METAL3 = 31455 um.
#Total wire length on LAYER METAL4 = 12451 um.
#Total wire length on LAYER METAL5 = 7772 um.
#Total wire length on LAYER METAL6 = 2124 um.
#Total wire length on LAYER METAL7 = 1240 um.
#Total number of vias = 21483
#Up-Via Summary (total 21483):
#           
#-----------------------
#  Metal 1         9458
#  Metal 2         8468
#  Metal 3         2583
#  Metal 4          802
#  Metal 5          125
#  Metal 6           47
#-----------------------
#                 21483 
#
#Total number of DRC violations = 0
#Total number of violations on LAYER METAL1 = 0
#Total number of violations on LAYER METAL2 = 0
#Total number of violations on LAYER METAL3 = 0
#Total number of violations on LAYER METAL4 = 0
#Total number of violations on LAYER METAL5 = 0
#Total number of violations on LAYER METAL6 = 0
#Total number of violations on LAYER METAL7 = 0
#Complete routing via minimization.
#
#start routing for process antenna violation fix ...
#cpu time = 00:00:00, elapsed time = 00:00:00, memory = 409.00 (Mb)
#
#Total wire length = 82122 um.
#Total half perimeter of net bounding box = 68687 um.
#Total wire length on LAYER METAL1 = 766 um.
#Total wire length on LAYER METAL2 = 26313 um.
#Total wire length on LAYER METAL3 = 31455 um.
#Total wire length on LAYER METAL4 = 12451 um.
#Total wire length on LAYER METAL5 = 7772 um.
#Total wire length on LAYER METAL6 = 2124 um.
#Total wire length on LAYER METAL7 = 1240 um.
#Total number of vias = 21483
#Up-Via Summary (total 21483):
#           
#-----------------------
#  Metal 1         9458
#  Metal 2         8468
#  Metal 3         2583
#  Metal 4          802
#  Metal 5          125
#  Metal 6           47
#-----------------------
#                 21483 
#
#Total number of DRC violations = 0
#Total number of net violated process antenna rule = 0
#Total number of violations on LAYER METAL1 = 0
#Total number of violations on LAYER METAL2 = 0
#Total number of violations on LAYER METAL3 = 0
#Total number of violations on LAYER METAL4 = 0
#Total number of violations on LAYER METAL5 = 0
#Total number of violations on LAYER METAL6 = 0
#Total number of violations on LAYER METAL7 = 0
#
#
#detailRoute statistics:
#Cpu time = 00:00:05
#Elapsed time = 00:00:05
#Increased memory = 0.00 (Mb)
#Total memory = 409.00 (Mb)
#Peak memory = 429.00 (Mb)
#Number of warnings = 0
#Total number of warnings = 4
#Number of fails = 0
#Total number of fails = 0
#Complete detailRoute on Tue Oct  6 18:01:20 2026
#

detailRoute

#Start detailRoute on Tue Oct  6 18:01:20 2026
#
Using detail cap. scale factor for clock nets.
Initializing multi-corner capacitance tables ... 
Initializing multi-corner resistance tables ...
#NanoRoute Version v08.10-p008 NR081027-0018/USR58-UB
#Merging special wires...
#    number of violations = 0
#cpu time = 00:00:01, elapsed time = 00:00:01, memory = 409.00 (Mb)
#Total wire length = 82122 um.
#Total half perimeter of net bounding box = 68687 um.
#Total wire length on LAYER METAL1 = 766 um.
#Total wire length on LAYER METAL2 = 26313 um.
#Total wire length on LAYER METAL3 = 31455 um.
#Total wire length on LAYER METAL4 = 12451 um.
#Total wire length on LAYER METAL5 = 7772 um.
#Total wire length on LAYER METAL6 = 2124 um.
#Total wire length on LAYER METAL7 = 1240 um.
#Total number of vias = 21483
#Total number of multi-cut vias = 5998 ( 27.9%)
#Total number of single cut vias = 15485 ( 72.1%)
#Up-Via Summary (total 21483):
#                   single-cut          multi-cut      Total
#-----------------------------------------------------------
#  Metal 1        7489 ( 79.2%)      1969 ( 20.8%)       9458
#  Metal 2        6150 ( 72.6%)      2318 ( 27.4%)       8468
#  Metal 3        1606 ( 62.2%)       977 ( 37.8%)       2583
#  Metal 4         226 ( 28.2%)       576 ( 71.8%)        802
#  Metal 5          14 ( 11.2%)       111 ( 88.8%)        125
#  Metal 6           0 (  0.0%)        47 (100.0%)         47
#-----------------------------------------------------------
#                15485 ( 72.1%)      5998 ( 27.9%)      21483 
#
#    number of violations = 0
#cpu time = 00:00:02, elapsed time = 00:00:02, memory = 409.00 (Mb)
#CELL_VIEW SYS_TOP,init has no DRC violation.
#Post Route via swapping is done.
#
#detailRoute statistics:
#Cpu time = 00:00:02
#Elapsed time = 00:00:02
#Increased memory = 0.00 (Mb)
#Total memory = 409.00 (Mb)
#Peak memory = 429.00 (Mb)
#Number of warnings = 0
#Total number of warnings = 5
#Number of fails = 0
#Total number of fails = 0
#Complete detailRoute on Tue Oct  6 18:01:21 2026
#

detailRoute

#Start detailRoute on Tue Oct  6 18:01:21 2026
#
Using detail cap. scale factor for clock nets.
Initializing multi-corner capacitance tables ... 
Initializing multi-corner resistance tables ...
#NanoRoute Version v08.10-p008 NR081027-0018/USR58-UB
#Merging special wires...
#
#Start Detail Routing.
#start initial detail routing ...
#    number of violations = 0
#cpu time = 00:00:00, elapsed time = 00:00:00, memory = 409.00 (Mb)
#start 1st optimization iteration ...
#    number of violations = 0
#cpu time = 00:00:00, elapsed time = 00:00:00, memory = 409.00 (Mb)
#Complete Detail Routing.
#Total wire length = 82122 um.
#Total half perimeter of net bounding box = 68687 um.
#Total wire length on LAYER METAL1 = 766 um.
#Total wire length on LAYER METAL2 = 26313 um.
#Total wire length on LAYER METAL3 = 31455 um.
#Total wire length on LAYER METAL4 = 12451 um.
#Total wire length on LAYER METAL5 = 7772 um.
#Total wire length on LAYER METAL6 = 2124 um.
#Total wire length on LAYER METAL7 = 1240 um.
#Total number of vias = 21483
#Total number of multi-cut vias = 5998 ( 27.9%)
#Total number of single cut vias = 15485 ( 72.1%)
#Up-Via Summary (total 21483):
#                   single-cut          multi-cut      Total
#-----------------------------------------------------------
#  Metal 1        7489 ( 79.2%)      1969 ( 20.8%)       9458
#  Metal 2        6150 ( 72.6%)      2318 ( 27.4%)       8468
#  Metal 3        1606 ( 62.2%)       977 ( 37.8%)       2583
#  Metal 4         226 ( 28.2%)       576 ( 71.8%)        802
#  Metal 5          14 ( 11.2%)       111 ( 88.8%)        125
#  Metal 6           0 (  0.0%)        47 (100.0%)         47
#-----------------------------------------------------------
#                15485 ( 72.1%)      5998 ( 27.9%)      21483 
#
#Total number of DRC violations = 0
#Total number of violations on LAYER METAL1 = 0
#Total number of violations on LAYER METAL2 = 0
#Total number of violations on LAYER METAL3 = 0
#Total number of violations on LAYER METAL4 = 0
#Total number of violations on LAYER METAL5 = 0
#Total number of violations on LAYER METAL6 = 0
#Total number of violations on LAYER METAL7 = 0
#
#start routing for process antenna violation fix ...
#cpu time = 00:00:00, elapsed time = 00:00:00, memory = 409.00 (Mb)
#
#Total wire length = 82122 um.
#Total half perimeter of net bounding box = 68687 um.
#Total wire length on LAYER METAL1 = 766 um.
#Total wire length on LAYER METAL2 = 26313 um.
#Total wire length on LAYER METAL3 = 31455 um.
#Total wire length on LAYER METAL4 = 12451 um.
#Total wire length on LAYER METAL5 = 7772 um.
#Total wire length on LAYER METAL6 = 2124 um.
#Total wire length on LAYER METAL7 = 1240 um.
#Total number of vias = 21483
#Total number of multi-cut vias = 5998 ( 27.9%)
#Total number of single cut vias = 15485 ( 72.1%)
#Up-Via Summary (total 21483):
#                   single-cut          multi-cut      Total
#-----------------------------------------------------------
#  Metal 1        7489 ( 79.2%)      1969 ( 20.8%)       9458
#  Metal 2        6150 ( 72.6%)      2318 ( 27.4%)       8468
#  Metal 3        1606 ( 62.2%)       977 ( 37.8%)       2583
#  Metal 4         226 ( 28.2%)       576 ( 71.8%)        802
#  Metal 5          14 ( 11.2%)       111 ( 88.8%)        125
#  Metal 6           0 (  0.0%)        47 (100.0%)         47
#-----------------------------------------------------------
#                15485 ( 72.1%)      5998 ( 27.9%)      21483 
#
#Total number of DRC violations = 0
#Total number of net violated process antenna rule = 0
#Total number of violations on LAYER METAL1 = 0
#Total number of violations on LAYER METAL2 = 0
#Total number of violations on LAYER METAL3 = 0
#Total number of violations on LAYER METAL4 = 0
#Total number of violations on LAYER METAL5 = 0
#Total number of violations on LAYER METAL6 = 0
#Total number of violations on LAYER METAL7 = 0
#
#
#detailRoute statistics:
#Cpu time = 00:00:00
#Elapsed time = 00:00:00
#Increased memory = 0.00 (Mb)
#Total memory = 409.00 (Mb)
#Peak memory = 429.00 (Mb)
#Number of warnings = 0
#Total number of warnings = 6
#Number of fails = 0
#Total number of fails = 0
#Complete detailRoute on Tue Oct  6 18:01:22 2026
#
<CMD> verifyGeometry -noMinArea
 *** Starting Verify Geometry (MEM: 409.6) ***

  VERIFY GEOMETRY ...... Starting Verification
  VERIFY GEOMETRY ...... Initializing
  VERIFY GEOMETRY ...... Deleting Existing Violations
  VERIFY GEOMETRY ...... Creating Sub-Areas
                  ...... bin size: 8000
  VERIFY GEOMETRY ...... SubArea : 1 of 1
  VERIFY GEOMETRY ...... Cells          :  0 Viols.
  VERIFY GEOMETRY ...... SameNet        :  0 Viols.
  VERIFY GEOMETRY ...... Wiring         :  0 Viols.
  VERIFY GEOMETRY ...... Antenna        :  0 Viols.
  VERIFY GEOMETRY ...... Sub-Area : 1 complete 0 Viols. 0 Wrngs.
VG: elapsed time: 1.00
Begin Summary ...
  Cells       : 0
  SameNet     : 0
  Wiring      : 0
  Antenna     : 0
  Short       : 0
  Overlap     : 0
End Summary

  Verification Complete : 0 Viols.  0 Wrngs.

**********End: VERIFY GEOMETRY**********
 *** verify geometry (CPU: 0:00:01.1  MEM: 35.3M)

<CMD> verifyConnectivity -type all -noAntenna -error 1000 -warning 50

******** Start: VERIFY CONNECTIVITY ********
Start Time: Tue Oct  6 18:01:41 2026

Design Name: SYS_TOP
Database Units: 2000
Design Boundary: (0.0000, 0.0000) (240.4700, 160.4700)
Error Limit = 1000; Warning Limit = 50
Check all nets
Net SI[3]: Found a geometry with bounding box (-0.10,120.10) (0.10,120.30) outside design boundary.
Violations for such geometries will be reported.

Begin Summary 
  Found no problems or warnings.
End Summary

End Time: Tue Oct  6 18:01:41 2026
******** End: VERIFY CONNECTIVITY ********
  Verification Complete : 0 Viols.  0 Wrngs.
  (CPU Time: 0:00:00.1  MEM: 0.000M)

<CMD> clearClockDomains
<CMD> setClockDomains -all
setClockDomains -all 
**WARN: (SOCSYC-1873):	The setClockDomains -all option is unsupported in CTE mode 
<CMD> timeDesign -postRoute -pathReports -drvReports -slackReports -numPaths 50 -prefix SYS_TOP_postRoute -outDir timingReports
-engine default                        # enums={feDC signalStorm default}, default=default, user setting
-signOff false                         # bool, default=false
Detail RC Extraction called for design SYS_TOP.
RC Extraction called in multi-corner(1) mode.
Process corner(s) are loaded.
 Corner: RCcorner
extractDetailRC Option : -outfile ./SYS_TOP_pEIaBi_7300.rcdb.d  -extended
RC Mode: Detail [Extended CapTable, RC Table Resistances]
      RC Corner Indexes            0   
Capacitance Scaling Factor   : 1.00000 
Coupling Cap. Scaling Factor : 1.00000 
Resistance Scaling Factor    : 1.00000 
Shrink Factor                : 1.00000
Initializing multi-corner capacitance tables ... 
Initializing multi-corner resistance tables ...
Checking LVS Completed (CPU Time= 0:00:00.0  MEM= 408.9M)
Creating parasitic data file './SYS_TOP_pEIaBi_7300.rcdb.d/header.da' in memory efficient access mode for storing RC.
Write RCDB with uncompressed RC data. Compressed RCDB mode disabled.
Extracted 10.006% (CPU Time= 0:00:00.0  MEM= 408.9M)
Extracted 20.0077% (CPU Time= 0:00:00.0  MEM= 408.9M)
Extracted 30.0051% (CPU Time= 0:00:00.0  MEM= 408.9M)
Extracted 40.0068% (CPU Time= 0:00:00.0  MEM= 408.9M)
Extracted 50.0085% (CPU Time= 0:00:00.0  MEM= 408.9M)
Extracted 60.006% (CPU Time= 0:00:00.1  MEM= 408.9M)
Extracted 70.0077% (CPU Time= 0:00:00.1  MEM= 408.9M)
Extracted 80.0051% (CPU Time= 0:00:00.1  MEM= 408.9M)
Extracted 90.0068% (CPU Time= 0:00:00.1  MEM= 408.9M)
Extracted 100% (CPU Time= 0:00:00.1  MEM= 408.9M)
Nr. Extracted Resistors     : 44929
Nr. Extracted Ground Cap.   : 47582
Nr. Extracted Coupling Cap. : 0
Detail RC Extraction DONE (CPU Time: 0:00:00.1  Real Time: 0:00:00.0  MEM: 408.871M)
Found active setup analysis view setup1_analysis_view
Found active setup analysis view setup2_analysis_view
Found active setup analysis view setup3_analysis_view
Found active hold analysis view hold1_analysis_view
Found active hold analysis view hold2_analysis_view
Found active hold analysis view hold3_analysis_view

------------------------------------------------------------
          timeDesign Summary                             
------------------------------------------------------------

+--------------------+---------+---------+---------+---------+---------+---------+
|     Setup mode     |   all   | reg2reg | in2reg  | reg2out | in2out  | clkgate |
+--------------------+---------+---------+---------+---------+---------+---------+
|           WNS (ns):|  3.431  |  3.431  | 17.268  | 77.152  |   N/A   | 17.639  |
|           TNS (ns):|  0.000  |  0.000  |  0.000  |  0.000  |   N/A   |  0.000  |
|    Violating Paths:|    0    |    0    |    0    |    0    |   N/A   |    0    |
|          All Paths:|  1062   |  1048   |   326   |    7    |   N/A   |    1    |
+--------------------+---------+---------+---------+---------+---------+---------+

+----------------+---------------------------+--------------+
|                |            Real           |     Total    |
|    DRVs        +--------------+------------+--------------|
|                |Nr nets(terms)| Worst Vio  |Nr nets(terms)|
+----------------+--------------+------------+--------------+
|   max_cap      |    0 (0)     |   0.000    |    0 (0)     |
|   max_tran     |    0 (0)     |   0.000    |    0 (0)     |
|   max_fanout   |    0 (0)     |     0      |    0 (0)     |
+----------------+--------------+------------+--------------+

Density: 93.142%
------------------------------------------------------------
Reported timing to dir timingReports
Total CPU time: 0.97 sec
Total Real time: 1.0 sec
Total Memory Usage: 408.875 Mbytes
<CMD> clearClockDomains
<CMD> setClockDomains -all
setClockDomains -all 
**WARN: (SOCSYC-1873):	The setClockDomains -all option is unsupported in CTE mode 
<CMD> timeDesign -postRoute -hold -pathReports -slackReports -numPaths 50 -prefix SYS_TOP_postRoute -outDir timingReports
-engine default                        # enums={feDC signalStorm default}, default=default, user setting
-signOff false                         # bool, default=false
Detail RC Extraction called for design SYS_TOP.
RC Extraction called in multi-corner(1) mode.
Process corner(s) are loaded.
 Corner: RCcorner
extractDetailRC Option : -outfile ./SYS_TOP_pEIaBi_7300.rcdb.d -maxResLength 200  -extended
RC Mode: Detail [Extended CapTable, RC Table Resistances]
      RC Corner Indexes            0   
Capacitance Scaling Factor   : 1.00000 
Coupling Cap. Scaling Factor : 1.00000 
Resistance Scaling Factor    : 1.00000 
Shrink Factor                : 1.00000
Initializing multi-corner capacitance tables ... 
Initializing multi-corner resistance tables ...
Checking LVS Completed (CPU Time= 0:00:00.0  MEM= 408.9M)
Closing parasitic data file './SYS_TOP_pEIaBi_7300.rcdb.d'. 2669 times net's RC data read were performed.
Creating parasitic data file './SYS_TOP_pEIaBi_7300.rcdb.d/header.da' in memory efficient access mode for storing RC.
Write RCDB with uncompressed RC data. Compressed RCDB mode disabled.
Extracted 10.006% (CPU Time= 0:00:00.0  MEM= 408.9M)
Extracted 20.0077% (CPU Time= 0:00:00.1  MEM= 408.9M)
Extracted 30.0051% (CPU Time= 0:00:00.1  MEM= 408.9M)
Extracted 40.0068% (CPU Time= 0:00:00.1  MEM= 408.9M)
Extracted 50.0085% (CPU Time= 0:00:00.1  MEM= 408.9M)
Extracted 60.006% (CPU Time= 0:00:00.1  MEM= 408.9M)
Extracted 70.0077% (CPU Time= 0:00:00.1  MEM= 408.9M)
Extracted 80.0051% (CPU Time= 0:00:00.1  MEM= 408.9M)
Extracted 90.0068% (CPU Time= 0:00:00.1  MEM= 408.9M)
Extracted 100% (CPU Time= 0:00:00.1  MEM= 408.9M)
Nr. Extracted Resistors     : 44929
Nr. Extracted Ground Cap.   : 47582
Nr. Extracted Coupling Cap. : 0
Detail RC Extraction DONE (CPU Time: 0:00:00.1  Real Time: 0:00:00.0  MEM: 408.871M)
Found active setup analysis view setup1_analysis_view
Found active setup analysis view setup2_analysis_view
Found active setup analysis view setup3_analysis_view
Found active hold analysis view hold1_analysis_view
Found active hold analysis view hold2_analysis_view
Found active hold analysis view hold3_analysis_view

------------------------------------------------------------
          timeDesign Summary                             
------------------------------------------------------------

+--------------------+---------+---------+---------+---------+---------+---------+
|     Hold mode      |   all   | reg2reg | in2reg  | reg2out | in2out  | clkgate |
+--------------------+---------+---------+---------+---------+---------+---------+
|           WNS (ns):| -0.606  | -0.342  | -0.606  |  4.366  |   N/A   |  0.520  |
|           TNS (ns):| -28.431 | -0.665  | -27.766 |  0.000  |   N/A   |  0.000  |
|    Violating Paths:|   76    |    2    |   74    |    0    |   N/A   |    0    |
|          All Paths:|  1062   |  1048   |   326   |    7    |   N/A   |    1    |
+--------------------+---------+---------+---------+---------+---------+---------+

Density: 93.142%
------------------------------------------------------------
Reported timing to dir timingReports
Total CPU time: 0.83 sec
Total Real time: 1.0 sec
Total Memory Usage: 408.875 Mbytes
<CMD> optDesign -postRoute -hold
**optDesign ... cpu = 0:00:00, real = 0:00:00, mem = 408.9M **
Begin checking placement ...
*info: Placed = 2089
*info: Unplaced = 0
Placement Density:93.14%(31067/33355)
setExtractRCMode -reduce 0.0 -coupled false
*** optDesign -postRoute ***
DRC Margin: user margin 0.0; extra margin 0
Setup Target Slack: user slack 0.0
Hold Target Slack: user slack 0.0
*info: Setting setup target slack to 0.000
*info: Hold target slack is 0.000
*** CTE mode ***
All-RC-Corners-Per-Net-In-Memory is turned ON...
*info: All cells identified as Buffer and Delay cells:
*info: --------------------------------------------------
*info:           DLY4X1M         -   scmetro_tsmc_cl013g_rvt_ff_1p32v_m40c
*info:           DLY3X1M         -   scmetro_tsmc_cl013g_rvt_ff_1p32v_m40c
*info:           DLY2X1M         -   scmetro_tsmc_cl013g_rvt_ff_1p32v_m40c
*info:           DLY1X1M         -   scmetro_tsmc_cl013g_rvt_ff_1p32v_m40c
*info:           DLY4X4M         -   scmetro_tsmc_cl013g_rvt_ff_1p32v_m40c
*info:           DLY3X4M         -   scmetro_tsmc_cl013g_rvt_ff_1p32v_m40c
*info:           DLY2X4M         -   scmetro_tsmc_cl013g_rvt_ff_1p32v_m40c
*info:           DLY1X4M         -   scmetro_tsmc_cl013g_rvt_ff_1p32v_m40c
*info:           DLY4X1M         -   scmetro_tsmc_cl013g_rvt_ff_1p32v_m40c
*info:           DLY3X1M         -   scmetro_tsmc_cl013g_rvt_ff_1p32v_m40c
*info:           DLY2X1M         -   scmetro_tsmc_cl013g_rvt_ff_1p32v_m40c
*info:           DLY1X1M         -   scmetro_tsmc_cl013g_rvt_ff_1p32v_m40c
*info:           DLY4X4M         -   scmetro_tsmc_cl013g_rvt_ff_1p32v_m40c
*info:           DLY3X4M         -   scmetro_tsmc_cl013g_rvt_ff_1p32v_m40c
*info:           DLY2X4M         -   scmetro_tsmc_cl013g_rvt_ff_1p32v_m40c
*info:           DLY1X4M         -   scmetro_tsmc_cl013g_rvt_ff_1p32v_m40c
*info:           DLY4X1M         -   scmetro_tsmc_cl013g_rvt_ff_1p32v_m40c
*info:           DLY3X1M         -   scmetro_tsmc_cl013g_rvt_ff_1p32v_m40c
*info:           DLY2X1M         -   scmetro_tsmc_cl013g_rvt_ff_1p32v_m40c
*info:           DLY1X1M         -   scmetro_tsmc_cl013g_rvt_ff_1p32v_m40c
*info:           DLY4X4M         -   scmetro_tsmc_cl013g_rvt_ff_1p32v_m40c
*info:           DLY3X4M         -   scmetro_tsmc_cl013g_rvt_ff_1p32v_m40c
*info:           DLY2X4M         -   scmetro_tsmc_cl013g_rvt_ff_1p32v_m40c
*info:           DLY1X4M         -   scmetro_tsmc_cl013g_rvt_ff_1p32v_m40c
*info:           DLY4X1M         -   scmetro_tsmc_cl013g_rvt_ff_1p32v_m40c
*info:           DLY3X1M         -   scmetro_tsmc_cl013g_rvt_ff_1p32v_m40c
*info:           DLY2X1M         -   scmetro_tsmc_cl013g_rvt_ff_1p32v_m40c
*info:           DLY1X1M         -   scmetro_tsmc_cl013g_rvt_ff_1p32v_m40c
*info:           DLY4X4M         -   scmetro_tsmc_cl013g_rvt_ff_1p32v_m40c
*info:           DLY3X4M         -   scmetro_tsmc_cl013g_rvt_ff_1p32v_m40c
*info:           DLY2X4M         -   scmetro_tsmc_cl013g_rvt_ff_1p32v_m40c
*info:           DLY1X4M         -   scmetro_tsmc_cl013g_rvt_ff_1p32v_m40c
*info:         CLKBUFX1M         -   scmetro_tsmc_cl013g_rvt_ff_1p32v_m40c
*info:            BUFX2M         -   scmetro_tsmc_cl013g_rvt_ff_1p32v_m40c
*info:         CLKBUFX2M         -   scmetro_tsmc_cl013g_rvt_ff_1p32v_m40c
*info:         CLKBUFX3M         -   scmetro_tsmc_cl013g_rvt_ff_1p32v_m40c
*info:            BUFX3M         -   scmetro_tsmc_cl013g_rvt_ff_1p32v_m40c
*info:            BUFX4M         -   scmetro_tsmc_cl013g_rvt_ff_1p32v_m40c
*info:         CLKBUFX4M         -   scmetro_tsmc_cl013g_rvt_ff_1p32v_m40c
*info:            BUFX5M         -   scmetro_tsmc_cl013g_rvt_ff_1p32v_m40c
*info:         CLKBUFX6M         -   scmetro_tsmc_cl013g_rvt_ff_1p32v_m40c
*info:            BUFX6M         -   scmetro_tsmc_cl013g_rvt_ff_1p32v_m40c
*info:            BUFX8M         -   scmetro_tsmc_cl013g_rvt_ff_1p32v_m40c
*info:         CLKBUFX8M         -   scmetro_tsmc_cl013g_rvt_ff_1p32v_m40c
*info:           BUFX10M         -   scmetro_tsmc_cl013g_rvt_ff_1p32v_m40c
*info:           BUFX12M         -   scmetro_tsmc_cl013g_rvt_ff_1p32v_m40c
*info:        CLKBUFX12M         -   scmetro_tsmc_cl013g_rvt_ff_1p32v_m40c
*info:           BUFX14M         -   scmetro_tsmc_cl013g_rvt_ff_1p32v_m40c
*info:        CLKBUFX16M         -   scmetro_tsmc_cl013g_rvt_ff_1p32v_m40c
*info:           BUFX16M         -   scmetro_tsmc_cl013g_rvt_ff_1p32v_m40c
*info:           BUFX18M         -   scmetro_tsmc_cl013g_rvt_ff_1p32v_m40c
*info:           BUFX20M         -   scmetro_tsmc_cl013g_rvt_ff_1p32v_m40c
*info:        CLKBUFX20M         -   scmetro_tsmc_cl013g_rvt_ff_1p32v_m40c
*info:        CLKBUFX24M         -   scmetro_tsmc_cl013g_rvt_ff_1p32v_m40c
*info:           BUFX24M         -   scmetro_tsmc_cl013g_rvt_ff_1p32v_m40c
*info:        CLKBUFX32M         -   scmetro_tsmc_cl013g_rvt_ff_1p32v_m40c
*info:           BUFX32M         -   scmetro_tsmc_cl013g_rvt_ff_1p32v_m40c
*info:        CLKBUFX40M         -   scmetro_tsmc_cl013g_rvt_ff_1p32v_m40c
*info:         CLKBUFX1M         -   scmetro_tsmc_cl013g_rvt_ff_1p32v_m40c
*info:            BUFX2M         -   scmetro_tsmc_cl013g_rvt_ff_1p32v_m40c
*info:         CLKBUFX2M         -   scmetro_tsmc_cl013g_rvt_ff_1p32v_m40c
*info:         CLKBUFX3M         -   scmetro_tsmc_cl013g_rvt_ff_1p32v_m40c
*info:            BUFX3M         -   scmetro_tsmc_cl013g_rvt_ff_1p32v_m40c
*info:            BUFX4M         -   scmetro_tsmc_cl013g_rvt_ff_1p32v_m40c
*info:         CLKBUFX4M         -   scmetro_tsmc_cl013g_rvt_ff_1p32v_m40c
*info:            BUFX5M         -   scmetro_tsmc_cl013g_rvt_ff_1p32v_m40c
*info:         CLKBUFX6M         -   scmetro_tsmc_cl013g_rvt_ff_1p32v_m40c
*info:            BUFX6M         -   scmetro_tsmc_cl013g_rvt_ff_1p32v_m40c
*info:            BUFX8M         -   scmetro_tsmc_cl013g_rvt_ff_1p32v_m40c
*info:         CLKBUFX8M         -   scmetro_tsmc_cl013g_rvt_ff_1p32v_m40c
*info:           BUFX10M         -   scmetro_tsmc_cl013g_rvt_ff_1p32v_m40c
*info:           BUFX12M         -   scmetro_tsmc_cl013g_rvt_ff_1p32v_m40c
*info:        CLKBUFX12M         -   scmetro_tsmc_cl013g_rvt_ff_1p32v_m40c
*info:           BUFX14M         -   scmetro_tsmc_cl013g_rvt_ff_1p32v_m40c
*info:        CLKBUFX16M         -   scmetro_tsmc_cl013g_rvt_ff_1p32v_m40c
*info:           BUFX16M         -   scmetro_tsmc_cl013g_rvt_ff_1p32v_m40c
*info:           BUFX18M         -   scmetro_tsmc_cl013g_rvt_ff_1p32v_m40c
*info:           BUFX20M         -   scmetro_tsmc_cl013g_rvt_ff_1p32v_m40c
*info:        CLKBUFX20M         -   scmetro_tsmc_cl013g_rvt_ff_1p32v_m40c
*info:        CLKBUFX24M         -   scmetro_tsmc_cl013g_rvt_ff_1p32v_m40c
*info:           BUFX24M         -   scmetro_tsmc_cl013g_rvt_ff_1p32v_m40c
*info:        CLKBUFX32M         -   scmetro_tsmc_cl013g_rvt_ff_1p32v_m40c
*info:           BUFX32M         -   scmetro_tsmc_cl013g_rvt_ff_1p32v_m40c
*info:        CLKBUFX40M         -   scmetro_tsmc_cl013g_rvt_ff_1p32v_m40c
*info:         CLKBUFX1M         -   scmetro_tsmc_cl013g_rvt_ff_1p32v_m40c
*info:            BUFX2M         -   scmetro_tsmc_cl013g_rvt_ff_1p32v_m40c
*info:         CLKBUFX2M         -   scmetro_tsmc_cl013g_rvt_ff_1p32v_m40c
*info:         CLKBUFX3M         -   scmetro_tsmc_cl013g_rvt_ff_1p32v_m40c
*info:            BUFX3M         -   scmetro_tsmc_cl013g_rvt_ff_1p32v_m40c
*info:            BUFX4M         -   scmetro_tsmc_cl013g_rvt_ff_1p32v_m40c
*info:         CLKBUFX4M         -   scmetro_tsmc_cl013g_rvt_ff_1p32v_m40c
*info:            BUFX5M         -   scmetro_tsmc_cl013g_rvt_ff_1p32v_m40c
*info:         CLKBUFX6M         -   scmetro_tsmc_cl013g_rvt_ff_1p32v_m40c
*info:            BUFX6M         -   scmetro_tsmc_cl013g_rvt_ff_1p32v_m40c
*info:            BUFX8M         -   scmetro_tsmc_cl013g_rvt_ff_1p32v_m40c
*info:         CLKBUFX8M         -   scmetro_tsmc_cl013g_rvt_ff_1p32v_m40c
*info:           BUFX10M         -   scmetro_tsmc_cl013g_rvt_ff_1p32v_m40c
*info:           BUFX12M         -   scmetro_tsmc_cl013g_rvt_ff_1p32v_m40c
*info:        CLKBUFX12M         -   scmetro_tsmc_cl013g_rvt_ff_1p32v_m40c
*info:           BUFX14M         -   scmetro_tsmc_cl013g_rvt_ff_1p32v_m40c
*info:        CLKBUFX16M         -   scmetro_tsmc_cl013g_rvt_ff_1p32v_m40c
*info:           BUFX16M         -   scmetro_tsmc_cl013g_rvt_ff_1p32v_m40c
*info:           BUFX18M         -   scmetro_tsmc_cl013g_rvt_ff_1p32v_m40c
*info:           BUFX20M         -   scmetro_tsmc_cl013g_rvt_ff_1p32v_m40c
*info:        CLKBUFX20M         -   scmetro_tsmc_cl013g_rvt_ff_1p32v_m40c
*info:        CLKBUFX24M         -   scmetro_tsmc_cl013g_rvt_ff_1p32v_m40c
*info:           BUFX24M         -   scmetro_tsmc_cl013g_rvt_ff_1p32v_m40c
*info:        CLKBUFX32M         -   scmetro_tsmc_cl013g_rvt_ff_1p32v_m40c
*info:           BUFX32M         -   scmetro_tsmc_cl013g_rvt_ff_1p32v_m40c
*info:        CLKBUFX40M         -   scmetro_tsmc_cl013g_rvt_ff_1p32v_m40c
*info:         CLKBUFX1M         -   scmetro_tsmc_cl013g_rvt_ff_1p32v_m40c
*info:            BUFX2M         -   scmetro_tsmc_cl013g_rvt_ff_1p32v_m40c
*info:         CLKBUFX2M         -   scmetro_tsmc_cl013g_rvt_ff_1p32v_m40c
*info:         CLKBUFX3M         -   scmetro_tsmc_cl013g_rvt_ff_1p32v_m40c
*info:            BUFX3M         -   scmetro_tsmc_cl013g_rvt_ff_1p32v_m40c
*info:            BUFX4M         -   scmetro_tsmc_cl013g_rvt_ff_1p32v_m40c
*info:         CLKBUFX4M         -   scmetro_tsmc_cl013g_rvt_ff_1p32v_m40c
*info:            BUFX5M         -   scmetro_tsmc_cl013g_rvt_ff_1p32v_m40c
*info:         CLKBUFX6M         -   scmetro_tsmc_cl013g_rvt_ff_1p32v_m40c
*info:            BUFX6M         -   scmetro_tsmc_cl013g_rvt_ff_1p32v_m40c
*info:            BUFX8M         -   scmetro_tsmc_cl013g_rvt_ff_1p32v_m40c
*info:         CLKBUFX8M         -   scmetro_tsmc_cl013g_rvt_ff_1p32v_m40c
*info:           BUFX10M         -   scmetro_tsmc_cl013g_rvt_ff_1p32v_m40c
*info:           BUFX12M         -   scmetro_tsmc_cl013g_rvt_ff_1p32v_m40c
*info:        CLKBUFX12M         -   scmetro_tsmc_cl013g_rvt_ff_1p32v_m40c
*info:           BUFX14M         -   scmetro_tsmc_cl013g_rvt_ff_1p32v_m40c
*info:        CLKBUFX16M         -   scmetro_tsmc_cl013g_rvt_ff_1p32v_m40c
*info:           BUFX16M         -   scmetro_tsmc_cl013g_rvt_ff_1p32v_m40c
*info:           BUFX18M         -   scmetro_tsmc_cl013g_rvt_ff_1p32v_m40c
*info:           BUFX20M         -   scmetro_tsmc_cl013g_rvt_ff_1p32v_m40c
*info:        CLKBUFX20M         -   scmetro_tsmc_cl013g_rvt_ff_1p32v_m40c
*info:        CLKBUFX24M         -   scmetro_tsmc_cl013g_rvt_ff_1p32v_m40c
*info:           BUFX24M         -   scmetro_tsmc_cl013g_rvt_ff_1p32v_m40c
*info:        CLKBUFX32M         -   scmetro_tsmc_cl013g_rvt_ff_1p32v_m40c
*info:           BUFX32M         -   scmetro_tsmc_cl013g_rvt_ff_1p32v_m40c
*info:        CLKBUFX40M         -   scmetro_tsmc_cl013g_rvt_ff_1p32v_m40c
-holdSdfFile {}                         # string, default=""
Detail RC Extraction called for design SYS_TOP.
RC Extraction called in multi-corner(1) mode.
Process corner(s) are loaded.
 Corner: RCcorner
extractDetailRC Option : -outfile ./SYS_TOP_pEIaBi_7300.rcdb.d -maxResLength 200  -extended
RC Mode: Detail [Extended CapTable, RC Table Resistances]
      RC Corner Indexes            0   
Capacitance Scaling Factor   : 1.00000 
Coupling Cap. Scaling Factor : 1.00000 
Resistance Scaling Factor    : 1.00000 
Shrink Factor                : 1.00000
Initializing multi-corner capacitance tables ... 
Initializing multi-corner resistance tables ...
Checking LVS Completed (CPU Time= 0:00:00.0  MEM= 408.9M)
Closing parasitic data file './SYS_TOP_pEIaBi_7300.rcdb.d'. 2669 times net's RC data read were performed.
Creating parasitic data file './SYS_TOP_pEIaBi_7300.rcdb.d/header.da' in memory efficient access mode for storing RC.
Write RCDB with uncompressed RC data. Compressed RCDB mode disabled.
Extracted 10.006% (CPU Time= 0:00:00.0  MEM= 408.9M)
Extracted 20.0077% (CPU Time= 0:00:00.0  MEM= 408.9M)
Extracted 30.0051% (CPU Time= 0:00:00.0  MEM= 408.9M)
Extracted 40.0068% (CPU Time= 0:00:00.0  MEM= 408.9M)
Extracted 50.0085% (CPU Time= 0:00:00.0  MEM= 408.9M)
Extracted 60.006% (CPU Time= 0:00:00.1  MEM= 408.9M)
Extracted 70.0077% (CPU Time= 0:00:00.1  MEM= 408.9M)
Extracted 80.0051% (CPU Time= 0:00:00.1  MEM= 408.9M)
Extracted 90.0068% (CPU Time= 0:00:00.1  MEM= 408.9M)
Extracted 100% (CPU Time= 0:00:00.1  MEM= 408.9M)
Nr. Extracted Resistors     : 44929
Nr. Extracted Ground Cap.   : 47582
Nr. Extracted Coupling Cap. : 0
Detail RC Extraction DONE (CPU Time: 0:00:00.1  Real Time: 0:00:00.0  MEM: 408.871M)
*** Started fixing hold violations - preprocessing (totcpu=0:04:34, mem=408.9M)
Setting analysis mode to hold ...
Calculate delays in BcWc mode...
Topological Sorting (CPU = 0:00:00.0, MEM = 408.9M)
Number of Loop : 0
Start delay calculation (mem=408.871M)...
*** Calculating scaling factor for min libraries using the default operating condition of each library.
delayCal using detail RC...
Opening parasitic data file './SYS_TOP_pEIaBi_7300.rcdb.d' for reading.
Read RCDB with uncompressed RC data. Compressed RCDB mode disabled.
Using Direct Access RCDB ...
RC Database In Completed (CPU Time= 0:00:00.0  MEM= 408.9M)
Initializing multi-corner capacitance tables ... 
Initializing multi-corner resistance tables ...
Delay calculation completed.
(0:00:00.2 408.875M 0)
Calculate delays in BcWc mode...
Topological Sorting (CPU = 0:00:00.0, MEM = 408.9M)
Number of Loop : 0
Start delay calculation (mem=408.875M)...
delayCal using detail RC...
Delay calculation completed.
(0:00:00.0 408.875M 0)
Calculate delays in BcWc mode...
Topological Sorting (CPU = 0:00:00.0, MEM = 408.9M)
Number of Loop : 0
Start delay calculation (mem=408.875M)...
delayCal using detail RC...
Delay calculation completed.
(0:00:00.0 408.875M 0)
*** CDM Built up (cpu=0:00:00.3  mem= 408.9M) ***
--------------------------------------------------- 
   Hold Violation Summary with Target Slack 
--------------------------------------------------- 
 Target slack: 0.000 ns
 Worst Slack : -0.606 ns 
 TNS         : -28.431 ns 
 Viol paths  : 77 
 Max Local density  : 0.980 

 TNS and Viol paths do not include clock gating violations.
--------------------------------------------------- 
*** Started fixing hold violations, collecting hold timing (totcpu=0:04:34, mem=408.9M)
Setting analysis mode to setup ...
Info: 92 clock nets excluded from IPO operation.
Info: 4 nets with bad wire/parasitic excluded from IPO operation.
setClockDomains -fromType register -toType register 
**WARN: (SOCCTE-318):	Paths not in the reg2reg domain will be added 1000ns slack adjustment
--------------------------------------------------- 
   Setup Violation Summary with Target Slack (0.000 ns)
--------------------------------------------------- 
    WNS         reg2regWns    view
    3.431 ns      3.431 ns  setup1_analysis_view
   17.268 ns     94.240 ns  setup2_analysis_view
   17.268 ns     18.799 ns  setup3_analysis_view
--------------------------------------------------- 
 reg2reg Best WS  : 94.240 ns 
 reg2reg WS  : 3.431 ns 
 reg2reg Viol paths  : 0 
 Worst Slack : 3.431 ns 
 Viol paths  : 0 
--------------------------------------------------- 
*** Started fixing hold violations, collecting setup timing (totcpu=0:04:35, mem=408.9M)

------------------------------------------------------------
            Initial Summary                              
------------------------------------------------------------

+--------------------+---------+
|     Setup mode     |   all   |
+--------------------+---------+
|           WNS (ns):|  3.431  |
|           TNS (ns):|  0.000  |
|    Violating Paths:|    0    |
|          All Paths:|  1062   |
+--------------------+---------+

+--------------------+---------+
|     Hold mode      |   all   |
+--------------------+---------+
|           WNS (ns):| -0.606  |
|           TNS (ns):| -28.431 |
|    Violating Paths:|   76    |
|          All Paths:|  1062   |
+--------------------+---------+

+----------------+---------------------------+--------------+
|                |            Real           |     Total    |
|    DRVs        +--------------+------------+--------------|
|                |Nr nets(terms)| Worst Vio  |Nr nets(terms)|
+----------------+--------------+------------+--------------+
|   max_cap      |    0 (0)     |   0.000    |    0 (0)     |
|   max_tran     |    0 (0)     |   0.000    |    0 (0)     |
|   max_fanout   |    0 (0)     |     0      |    0 (0)     |
+----------------+--------------+------------+--------------+

Density: 93.142%
------------------------------------------------------------
Info: 92 clock nets excluded from IPO operation.
Info: 4 nets with bad wire/parasitic excluded from IPO operation.
*** Started fixing hold violations (CPU=0:00:01.2, totcpu=0:04:35, mem=408.9M)
Density before buffering = 0.931 (fixHold)
*info:
*Info: The following delay and buffer cells will be used for hold fixing
*Info:    cell  igArea   setupDelay f/r(inTran f/r, load)    holdDelay (inTran f/r, load)
*Info:                     nanoSecond  ( nanoSecond  PF )    nanoSecond (nanoSecond  PF )
*Info:   DLY4X1M    8.0   0.971/0.956 (0.200/0.200, 0.011)   0.391/0.396 (0.089/0.089, 0.011)
*Info:   DLY3X1M    8.0   0.778/0.734 (0.200/0.200, 0.011)   0.313/0.299 (0.089/0.089, 0.011)
*Info:   DLY2X1M    8.0   0.594/0.535 (0.200/0.200, 0.011)   0.239/0.215 (0.089/0.089, 0.011)
*Info:   DLY1X1M    8.0   0.420/0.369 (0.200/0.200, 0.011)   0.167/0.147 (0.089/0.089, 0.011)
*Info:   DLY4X4M    10.0   0.957/0.853 (0.200/0.200, 0.044)   0.423/0.381 (0.089/0.089, 0.044)
*Info:   DLY3X4M    10.0   0.768/0.648 (0.200/0.200, 0.044)   0.340/0.285 (0.089/0.089, 0.044)
*Info:   DLY2X4M    10.0   0.591/0.471 (0.200/0.200, 0.044)   0.261/0.203 (0.089/0.089, 0.044)
*Info:   DLY1X4M    10.0   0.425/0.330 (0.200/0.200, 0.044)   0.185/0.139 (0.089/0.089, 0.044)
*Info: 
*Info:   CLKBUFX1M    4.0   0.230/0.224 (0.200/0.200, 0.011)   0.096/0.092 (0.089/0.089, 0.011)
*Info:   BUFX2M    4.0   0.237/0.231 (0.200/0.200, 0.022)   0.102/0.098 (0.089/0.089, 0.022)
*Info:   CLKBUFX2M    4.0   0.274/0.241 (0.200/0.200, 0.022)   0.117/0.100 (0.089/0.089, 0.022)
*Info:   CLKBUFX3M    5.0   0.300/0.262 (0.200/0.200, 0.033)   0.131/0.109 (0.089/0.089, 0.033)
*Info:   BUFX3M    5.0   0.227/0.235 (0.200/0.200, 0.033)   0.100/0.101 (0.089/0.089, 0.033)
*Info:   BUFX4M    5.0   0.221/0.232 (0.200/0.200, 0.044)   0.097/0.100 (0.089/0.089, 0.044)
*Info:   CLKBUFX4M    5.0   0.308/0.266 (0.200/0.200, 0.044)   0.136/0.112 (0.089/0.089, 0.044)
*Info:   BUFX5M    6.0   0.223/0.238 (0.200/0.200, 0.055)   0.098/0.103 (0.089/0.089, 0.055)
*Info:   CLKBUFX6M    6.0   0.286/0.282 (0.200/0.200, 0.066)   0.126/0.121 (0.089/0.089, 0.066)
*Info:   BUFX6M    7.0   0.216/0.229 (0.200/0.200, 0.066)   0.096/0.098 (0.089/0.089, 0.066)
*Info:   BUFX8M    8.0   0.214/0.236 (0.200/0.200, 0.088)   0.095/0.103 (0.089/0.089, 0.088)
*Info:   CLKBUFX8M    8.0   0.288/0.277 (0.200/0.200, 0.088)   0.128/0.120 (0.089/0.089, 0.088)
*info:
*info: Hold fixing prefix "FE_PHC" starts with 0
--------------------------------------------------- 
   Hold Timing Summary (with Target-Slack) - Before NR 
--------------------------------------------------- 
View: hold1_analysis_view 
	WNS: 0.091 
	TNS: 0.000 
	VP: 0 
	WNS-Term: TX_FIFO/U4_FIFO_RD/stage2_reg[2]/D 
View: hold2_analysis_view 
	WNS: 0.004 
	TNS: 0.000 
	VP: 0 
	WNS-Term: Pulse_Generator/pulse_flop_reg[0]/RN 
View: hold3_analysis_view 
	WNS: 0.004 
	TNS: 0.000 
	VP: 0 
	WNS-Term: Pulse_Generator/pulse_flop_reg[0]/RN 
--------------------------------------------------- 
   Setup Timing Summary (with Target-Slack) - Before NR 
--------------------------------------------------- 
View: setup1_analysis_view 
	WNS: 3.431 
	TNS: 0.000 
	VP: 0 
	WNS-Term:Register_File/reg_file_reg[1][4]/Q 
View: setup2_analysis_view 
	WNS: 15.387 
	TNS: 0.000 
	VP: 0 
	WNS-Term:scan_rst 
View: setup3_analysis_view 
	WNS: 15.387 
	TNS: 0.000 
	VP: 0 
	WNS-Term:scan_rst 
--------------------------------------------------- 
Density after buffering = 0.934 (fixHold)
*info:
*info: A total of 4 net(s) have been evaluated for adding cells
*info:            4 net(s): Added a total of 9 cells to fix/reduce hold violation
*info:
*info:
*info: Summary: 
*info:            9 cells of type 'DLY4X1M' used
*info:
*** Finished hold time fix (CPU=0:00:01.7, totcpu=0:04:35, mem=408.9M) ***
Starting refinePlace ...
Statistics of distance of Instance movement in detailed placement:
  maximum (X+Y) =         0.00 um
  mean    (X+Y) =         0.00 um
Total instances moved : 0
*** cpu=0:00:00.0   mem=408.9M  mem(used)=0.0M***
Total net length = 7.006e+04 (4.034e+04 2.972e+04) (ext = 2.445e+03)
default core: bins with density >  0.75 = 41.7 % ( 20 / 48 )
**optDesign ... cpu = 0:00:02, real = 0:00:02, mem = 408.9M **
-routeWithEco true                       # bool, default=false, user setting
-routeSelectedNetOnly false              # bool, default=false
-routeWithTimingDriven false             # bool, default=false
-routeWithSiDriven false                 # bool, default=false
-drouteStartIteration 0                  # int, default=0, user setting
-drouteStartIteration 0                  # int, default=0

globalDetailRoute

#Start globalDetailRoute on Tue Oct  6 18:04:50 2026
#
Closing parasitic data file './SYS_TOP_pEIaBi_7300.rcdb.d'. 2669 times net's RC data read were performed.
Initializing multi-corner capacitance tables ... 
Initializing multi-corner resistance tables ...
#NanoRoute Version v08.10-p008 NR081027-0018/USR58-UB
#Merging special wires...
#4 routed nets are extracted.
#    4 (0.15%) extracted nets are partially routed.
#2661 routed nets are imported.
#9 (0.33%) nets are without wires.
#62 routed nets are fixed|skipped|trivial (not extracted).
#Total number of nets = 2736.
#Number of eco nets is 4
#
#Start data preparation...
#
#Data preparation is done.
#
#  Resource Analysis:
#
#               Routing  #Avail      #Track     #Total     %Gcell
#  Layer      Direction   Track     Blocked      Gcell    Blocked
#  --------------------------------------------------------------
#  Metal 1        H         391           0        1014    82.35%
#  Metal 2        V         587           0        1014     0.00%
#  Metal 3        H         391           0        1014     0.00%
#  Metal 4        V         587           0        1014     0.00%
#  Metal 5        H         391           0        1014     0.00%
#  Metal 6        V         587           0        1014     0.00%
#  Metal 7        H         195           0        1014     0.00%
#  --------------------------------------------------------------
#  Total                   3129       0.00%        7098    11.76%
#
#  92 nets (3.36%) with 1 preferred extra spacing.
#
#
#cpu time = 00:00:00, elapsed time = 00:00:00, memory = 408.00 (Mb)
#
#start global routing iteration 1...
#cpu time = 00:00:00, elapsed time = 00:00:00, memory = 408.00 (Mb)
#
#
#  Congestion Analysis: (blocked Gcells are excluded from the statistics)
#
#                 OverCon       OverCon          
#                  #Gcell        #Gcell    %Gcell
#     Layer           (1)           (2)   OverCon
#  ----------------------------------------------
#   Metal 1      0(0.00%)      0(0.00%)   (0.00%)
#   Metal 2      5(0.49%)      2(0.20%)   (0.69%)
#   Metal 3      0(0.00%)      1(0.10%)   (0.10%)
#   Metal 4      0(0.00%)      0(0.00%)   (0.00%)
#   Metal 5      0(0.00%)      0(0.00%)   (0.00%)
#   Metal 6      0(0.00%)      0(0.00%)   (0.00%)
#   Metal 7      0(0.00%)      0(0.00%)   (0.00%)
#  ----------------------------------------------
#     Total      5(0.08%)      3(0.05%)   (0.13%)
#
#  The worst congested Gcell overcon (routing demand over resource in number of tracks) = 2
#
#Complete Global Routing.
#Total wire length = 82892 um.
#Total half perimeter of net bounding box = 69447 um.
#Total wire length on LAYER METAL1 = 766 um.
#Total wire length on LAYER METAL2 = 26287 um.
#Total wire length on LAYER METAL3 = 31488 um.
#Total wire length on LAYER METAL4 = 13122 um.
#Total wire length on LAYER METAL5 = 7791 um.
#Total wire length on LAYER METAL6 = 2198 um.
#Total wire length on LAYER METAL7 = 1240 um.
#Total number of vias = 21543
#Total number of multi-cut vias = 5994 ( 27.8%)
#Total number of single cut vias = 15549 ( 72.2%)
#Up-Via Summary (total 21543):
#                   single-cut          multi-cut      Total
#-----------------------------------------------------------
#  Metal 1        7507 ( 79.2%)      1969 ( 20.8%)       9476
#  Metal 2        6169 ( 72.7%)      2314 ( 27.3%)       8483
#  Metal 3        1628 ( 62.5%)       977 ( 37.5%)       2605
#  Metal 4         229 ( 28.4%)       576 ( 71.6%)        805
#  Metal 5          16 ( 12.6%)       111 ( 87.4%)        127
#  Metal 6           0 (  0.0%)        47 (100.0%)         47
#-----------------------------------------------------------
#                15549 ( 72.2%)      5994 ( 27.8%)      21543 
#
#Max overcon = 2 tracks.
#Total overcon = 0.13%.
#Worst layer Gcell overcon rate = 0.69%.
#Cpu time = 00:00:00
#Elapsed time = 00:00:00
#Increased memory = 0.00 (Mb)
#Total memory = 408.00 (Mb)
#Peak memory = 440.00 (Mb)
#
#Start Detail Routing.
#start initial detail routing ...
# ECO: 4.2% of the total area was rechecked for DRC, and 25.0% required routing.
#3.2% of the total area is being checked for drcs
#    number of violations = 2
#cpu time = 00:00:00, elapsed time = 00:00:00, memory = 408.00 (Mb)
#start 1st optimization iteration ...
#    number of violations = 0
#cpu time = 00:00:00, elapsed time = 00:00:00, memory = 408.00 (Mb)
#Complete Detail Routing.
#Total wire length = 82869 um.
#Total half perimeter of net bounding box = 69447 um.
#Total wire length on LAYER METAL1 = 766 um.
#Total wire length on LAYER METAL2 = 26294 um.
#Total wire length on LAYER METAL3 = 31502 um.
#Total wire length on LAYER METAL4 = 12945 um.
#Total wire length on LAYER METAL5 = 7804 um.
#Total wire length on LAYER METAL6 = 2317 um.
#Total wire length on LAYER METAL7 = 1240 um.
#Total number of vias = 21589
#Total number of multi-cut vias = 5977 ( 27.7%)
#Total number of single cut vias = 15612 ( 72.3%)
#Up-Via Summary (total 21589):
#                   single-cut          multi-cut      Total
#-----------------------------------------------------------
#  Metal 1        7514 ( 79.3%)      1960 ( 20.7%)       9474
#  Metal 2        6196 ( 72.9%)      2307 ( 27.1%)       8503
#  Metal 3        1628 ( 62.5%)       977 ( 37.5%)       2605
#  Metal 4         245 ( 29.8%)       576 ( 70.2%)        821
#  Metal 5          29 ( 20.9%)       110 ( 79.1%)        139
#  Metal 6           0 (  0.0%)        47 (100.0%)         47
#-----------------------------------------------------------
#                15612 ( 72.3%)      5977 ( 27.7%)      21589 
#
#Total number of DRC violations = 0
#Total number of violations on LAYER METAL1 = 0
#Total number of violations on LAYER METAL2 = 0
#Total number of violations on LAYER METAL3 = 0
#Total number of violations on LAYER METAL4 = 0
#Total number of violations on LAYER METAL5 = 0
#Total number of violations on LAYER METAL6 = 0
#Total number of violations on LAYER METAL7 = 0
#
#start routing for process antenna violation fix ...
#cpu time = 00:00:00, elapsed time = 00:00:00, memory = 408.00 (Mb)
#
#Total wire length = 82869 um.
#Total half perimeter of net bounding box = 69447 um.
#Total wire length on LAYER METAL1 = 766 um.
#Total wire length on LAYER METAL2 = 26294 um.
#Total wire length on LAYER METAL3 = 31502 um.
#Total wire length on LAYER METAL4 = 12945 um.
#Total wire length on LAYER METAL5 = 7804 um.
#Total wire length on LAYER METAL6 = 2317 um.
#Total wire length on LAYER METAL7 = 1240 um.
#Total number of vias = 21589
#Total number of multi-cut vias = 5977 ( 27.7%)
#Total number of single cut vias = 15612 ( 72.3%)
#Up-Via Summary (total 21589):
#                   single-cut          multi-cut      Total
#-----------------------------------------------------------
#  Metal 1        7514 ( 79.3%)      1960 ( 20.7%)       9474
#  Metal 2        6196 ( 72.9%)      2307 ( 27.1%)       8503
#  Metal 3        1628 ( 62.5%)       977 ( 37.5%)       2605
#  Metal 4         245 ( 29.8%)       576 ( 70.2%)        821
#  Metal 5          29 ( 20.9%)       110 ( 79.1%)        139
#  Metal 6           0 (  0.0%)        47 (100.0%)         47
#-----------------------------------------------------------
#                15612 ( 72.3%)      5977 ( 27.7%)      21589 
#
#Total number of DRC violations = 0
#Total number of net violated process antenna rule = 0
#Total number of violations on LAYER METAL1 = 0
#Total number of violations on LAYER METAL2 = 0
#Total number of violations on LAYER METAL3 = 0
#Total number of violations on LAYER METAL4 = 0
#Total number of violations on LAYER METAL5 = 0
#Total number of violations on LAYER METAL6 = 0
#Total number of violations on LAYER METAL7 = 0
#
#detailRoute Statistics:
#Cpu time = 00:00:00
#Elapsed time = 00:00:00
#Increased memory = 0.00 (Mb)
#Total memory = 408.00 (Mb)
#Peak memory = 440.00 (Mb)
#
#globalDetailRoute statistics:
#Cpu time = 00:00:01
#Elapsed time = 00:00:01
#Increased memory = 0.00 (Mb)
#Total memory = 408.00 (Mb)
#Peak memory = 440.00 (Mb)
#Number of warnings = 0
#Total number of warnings = 6
#Number of fails = 0
#Total number of fails = 0
#Complete globalDetailRoute on Tue Oct  6 18:04:51 2026
#
**optDesign ... cpu = 0:00:03, real = 0:00:03, mem = 408.9M **
-routeWithEco true                       # bool, default=false, user setting
-routeSelectedNetOnly false              # bool, default=false
-routeWithTimingDriven false             # bool, default=false
-routeWithSiDriven false                 # bool, default=false
-drouteStartIteration 0                  # int, default=0, user setting
Detail RC Extraction called for design SYS_TOP.
RC Extraction called in multi-corner(1) mode.
Process corner(s) are loaded.
 Corner: RCcorner
extractDetailRC Option : -outfile ./SYS_TOP_pEIaBi_7300.rcdb.d -maxResLength 200  -extended
RC Mode: Detail [Extended CapTable, RC Table Resistances]
      RC Corner Indexes            0   
Capacitance Scaling Factor   : 1.00000 
Coupling Cap. Scaling Factor : 1.00000 
Resistance Scaling Factor    : 1.00000 
Shrink Factor                : 1.00000
Initializing multi-corner capacitance tables ... 
Initializing multi-corner resistance tables ...
Checking LVS Completed (CPU Time= 0:00:00.0  MEM= 408.9M)
Creating parasitic data file './SYS_TOP_pEIaBi_7300.rcdb.d/header.da' in memory efficient access mode for storing RC.
Write RCDB with uncompressed RC data. Compressed RCDB mode disabled.
Extracted 10.0072% (CPU Time= 0:00:00.0  MEM= 408.9M)
Extracted 20.006% (CPU Time= 0:00:00.0  MEM= 408.9M)
Extracted 30.0047% (CPU Time= 0:00:00.1  MEM= 408.9M)
Extracted 40.0077% (CPU Time= 0:00:00.1  MEM= 408.9M)
Extracted 50.0064% (CPU Time= 0:00:00.1  MEM= 408.9M)
Extracted 60.0051% (CPU Time= 0:00:00.1  MEM= 408.9M)
Extracted 70.0081% (CPU Time= 0:00:00.1  MEM= 408.9M)
Extracted 80.0068% (CPU Time= 0:00:00.1  MEM= 408.9M)
Extracted 90.0055% (CPU Time= 0:00:00.1  MEM= 408.9M)
Extracted 100% (CPU Time= 0:00:00.1  MEM= 408.9M)
Nr. Extracted Resistors     : 45082
Nr. Extracted Ground Cap.   : 47744
Nr. Extracted Coupling Cap. : 0
Detail RC Extraction DONE (CPU Time: 0:00:00.1  Real Time: 0:00:00.0  MEM: 408.871M)
Reported timing to dir ./timingReports
**optDesign ... cpu = 0:00:03, real = 0:00:03, mem = 408.9M **
Found active setup analysis view setup1_analysis_view
Found active setup analysis view setup2_analysis_view
Found active setup analysis view setup3_analysis_view
Found active hold analysis view hold1_analysis_view
Found active hold analysis view hold2_analysis_view
Found active hold analysis view hold3_analysis_view

------------------------------------------------------------
     optDesign Final Summary                             
------------------------------------------------------------

+--------------------+---------+---------+---------+---------+---------+---------+
|     Setup mode     |   all   | reg2reg | in2reg  | reg2out | in2out  | clkgate |
+--------------------+---------+---------+---------+---------+---------+---------+
|           WNS (ns):|  3.431  |  3.431  | 15.412  | 77.152  |   N/A   | 17.639  |
|           TNS (ns):|  0.000  |  0.000  |  0.000  |  0.000  |   N/A   |  0.000  |
|    Violating Paths:|    0    |    0    |    0    |    0    |   N/A   |    0    |
|          All Paths:|  1062   |  1048   |   326   |    7    |   N/A   |    1    |
+--------------------+---------+---------+---------+---------+---------+---------+

+--------------------+---------+---------+---------+---------+---------+---------+
|     Hold mode      |   all   | reg2reg | in2reg  | reg2out | in2out  | clkgate |
+--------------------+---------+---------+---------+---------+---------+---------+
|           WNS (ns):|  0.019  |  0.019  |  0.113  |  4.366  |   N/A   |  0.520  |
|           TNS (ns):|  0.000  |  0.000  |  0.000  |  0.000  |   N/A   |  0.000  |
|    Violating Paths:|    0    |    0    |    0    |    0    |   N/A   |    0    |
|          All Paths:|  1062   |  1048   |   326   |    7    |   N/A   |    1    |
+--------------------+---------+---------+---------+---------+---------+---------+

+----------------+---------------------------+--------------+
|                |            Real           |     Total    |
|    DRVs        +--------------+------------+--------------|
|                |Nr nets(terms)| Worst Vio  |Nr nets(terms)|
+----------------+--------------+------------+--------------+
|   max_cap      |    0 (0)     |   0.000    |    0 (0)     |
|   max_tran     |    0 (0)     |   0.000    |    0 (0)     |
|   max_fanout   |    0 (0)     |     0      |    0 (0)     |
+----------------+--------------+------------+--------------+

Density: 93.396%
------------------------------------------------------------
**optDesign ... cpu = 0:00:04, real = 0:00:04, mem = 408.9M **
*** Finished optDesign ***
<CMD> clearClockDomains
<CMD> setClockDomains -all
setClockDomains -all 
**WARN: (SOCSYC-1873):	The setClockDomains -all option is unsupported in CTE mode 
<CMD> timeDesign -postRoute -hold -pathReports -slackReports -numPaths 50 -prefix SYS_TOP_postRoute -outDir timingReports
-engine default                        # enums={feDC signalStorm default}, default=default, user setting
-signOff false                         # bool, default=false
Detail RC Extraction called for design SYS_TOP.
RC Extraction called in multi-corner(1) mode.
Process corner(s) are loaded.
 Corner: RCcorner
extractDetailRC Option : -outfile ./SYS_TOP_pEIaBi_7300.rcdb.d -maxResLength 200  -extended
RC Mode: Detail [Extended CapTable, RC Table Resistances]
      RC Corner Indexes            0   
Capacitance Scaling Factor   : 1.00000 
Coupling Cap. Scaling Factor : 1.00000 
Resistance Scaling Factor    : 1.00000 
Shrink Factor                : 1.00000
Initializing multi-corner capacitance tables ... 
Initializing multi-corner resistance tables ...
Checking LVS Completed (CPU Time= 0:00:00.0  MEM= 408.9M)
Closing parasitic data file './SYS_TOP_pEIaBi_7300.rcdb.d'. 2678 times net's RC data read were performed.
Creating parasitic data file './SYS_TOP_pEIaBi_7300.rcdb.d/header.da' in memory efficient access mode for storing RC.
Write RCDB with uncompressed RC data. Compressed RCDB mode disabled.
Extracted 10.0072% (CPU Time= 0:00:00.0  MEM= 408.9M)
Extracted 20.006% (CPU Time= 0:00:00.1  MEM= 408.9M)
Extracted 30.0047% (CPU Time= 0:00:00.1  MEM= 408.9M)
Extracted 40.0077% (CPU Time= 0:00:00.1  MEM= 408.9M)
Extracted 50.0064% (CPU Time= 0:00:00.1  MEM= 408.9M)
Extracted 60.0051% (CPU Time= 0:00:00.1  MEM= 408.9M)
Extracted 70.0081% (CPU Time= 0:00:00.1  MEM= 408.9M)
Extracted 80.0068% (CPU Time= 0:00:00.1  MEM= 408.9M)
Extracted 90.0055% (CPU Time= 0:00:00.1  MEM= 408.9M)
Extracted 100% (CPU Time= 0:00:00.1  MEM= 408.9M)
Nr. Extracted Resistors     : 45082
Nr. Extracted Ground Cap.   : 47744
Nr. Extracted Coupling Cap. : 0
Detail RC Extraction DONE (CPU Time: 0:00:00.1  Real Time: 0:00:00.0  MEM: 408.871M)
Found active setup analysis view setup1_analysis_view
Found active setup analysis view setup2_analysis_view
Found active setup analysis view setup3_analysis_view
Found active hold analysis view hold1_analysis_view
Found active hold analysis view hold2_analysis_view
Found active hold analysis view hold3_analysis_view

------------------------------------------------------------
          timeDesign Summary                             
------------------------------------------------------------

+--------------------+---------+---------+---------+---------+---------+---------+
|     Hold mode      |   all   | reg2reg | in2reg  | reg2out | in2out  | clkgate |
+--------------------+---------+---------+---------+---------+---------+---------+
|           WNS (ns):|  0.019  |  0.019  |  0.113  |  4.366  |   N/A   |  0.520  |
|           TNS (ns):|  0.000  |  0.000  |  0.000  |  0.000  |   N/A   |  0.000  |
|    Violating Paths:|    0    |    0    |    0    |    0    |   N/A   |    0    |
|          All Paths:|  1062   |  1048   |   326   |    7    |   N/A   |    1    |
+--------------------+---------+---------+---------+---------+---------+---------+

Density: 93.396%
------------------------------------------------------------
Reported timing to dir timingReports
Total CPU time: 0.88 sec
Total Real time: 1.0 sec
Total Memory Usage: 408.875 Mbytes
<CMD> clearClockDomains
<CMD> setClockDomains -all
setClockDomains -all 
**WARN: (SOCSYC-1873):	The setClockDomains -all option is unsupported in CTE mode 
<CMD> timeDesign -postRoute -hold -pathReports -slackReports -numPaths 50 -prefix SYS_TOP_postRoute -outDir timingReports
-engine default                        # enums={feDC signalStorm default}, default=default, user setting
-signOff false                         # bool, default=false
Detail RC Extraction called for design SYS_TOP.
RC Extraction called in multi-corner(1) mode.
Process corner(s) are loaded.
 Corner: RCcorner
extractDetailRC Option : -outfile ./SYS_TOP_pEIaBi_7300.rcdb.d -maxResLength 200  -extended
RC Mode: Detail [Extended CapTable, RC Table Resistances]
      RC Corner Indexes            0   
Capacitance Scaling Factor   : 1.00000 
Coupling Cap. Scaling Factor : 1.00000 
Resistance Scaling Factor    : 1.00000 
Shrink Factor                : 1.00000
Initializing multi-corner capacitance tables ... 
Initializing multi-corner resistance tables ...
Checking LVS Completed (CPU Time= 0:00:00.0  MEM= 408.9M)
Closing parasitic data file './SYS_TOP_pEIaBi_7300.rcdb.d'. 2678 times net's RC data read were performed.
Creating parasitic data file './SYS_TOP_pEIaBi_7300.rcdb.d/header.da' in memory efficient access mode for storing RC.
Write RCDB with uncompressed RC data. Compressed RCDB mode disabled.
Extracted 10.0072% (CPU Time= 0:00:00.0  MEM= 408.9M)
Extracted 20.006% (CPU Time= 0:00:00.0  MEM= 408.9M)
Extracted 30.0047% (CPU Time= 0:00:00.0  MEM= 408.9M)
Extracted 40.0077% (CPU Time= 0:00:00.0  MEM= 408.9M)
Extracted 50.0064% (CPU Time= 0:00:00.0  MEM= 408.9M)
Extracted 60.0051% (CPU Time= 0:00:00.1  MEM= 408.9M)
Extracted 70.0081% (CPU Time= 0:00:00.1  MEM= 408.9M)
Extracted 80.0068% (CPU Time= 0:00:00.1  MEM= 408.9M)
Extracted 90.0055% (CPU Time= 0:00:00.1  MEM= 408.9M)
Extracted 100% (CPU Time= 0:00:00.1  MEM= 408.9M)
Nr. Extracted Resistors     : 45082
Nr. Extracted Ground Cap.   : 47744
Nr. Extracted Coupling Cap. : 0
Detail RC Extraction DONE (CPU Time: 0:00:00.1  Real Time: 0:00:01.0  MEM: 408.871M)
Found active setup analysis view setup1_analysis_view
Found active setup analysis view setup2_analysis_view
Found active setup analysis view setup3_analysis_view
Found active hold analysis view hold1_analysis_view
Found active hold analysis view hold2_analysis_view
Found active hold analysis view hold3_analysis_view

------------------------------------------------------------
          timeDesign Summary                             
------------------------------------------------------------

+--------------------+---------+---------+---------+---------+---------+---------+
|     Hold mode      |   all   | reg2reg | in2reg  | reg2out | in2out  | clkgate |
+--------------------+---------+---------+---------+---------+---------+---------+
|           WNS (ns):|  0.019  |  0.019  |  0.113  |  4.366  |   N/A   |  0.520  |
|           TNS (ns):|  0.000  |  0.000  |  0.000  |  0.000  |   N/A   |  0.000  |
|    Violating Paths:|    0    |    0    |    0    |    0    |   N/A   |    0    |
|          All Paths:|  1062   |  1048   |   326   |    7    |   N/A   |    1    |
+--------------------+---------+---------+---------+---------+---------+---------+

Density: 93.396%
------------------------------------------------------------
Reported timing to dir timingReports
Total CPU time: 0.78 sec
Total Real time: 1.0 sec
Total Memory Usage: 408.875 Mbytes
<CMD> clearClockDomains
<CMD> setClockDomains -all
setClockDomains -all 
**WARN: (SOCSYC-1873):	The setClockDomains -all option is unsupported in CTE mode 
<CMD> timeDesign -postRoute -pathReports -drvReports -slackReports -numPaths 50 -prefix SYS_TOP_postRoute -outDir timingReports
-engine default                        # enums={feDC signalStorm default}, default=default, user setting
-signOff false                         # bool, default=false
Detail RC Extraction called for design SYS_TOP.
RC Extraction called in multi-corner(1) mode.
Process corner(s) are loaded.
 Corner: RCcorner
extractDetailRC Option : -outfile ./SYS_TOP_pEIaBi_7300.rcdb.d -maxResLength 200  -extended
RC Mode: Detail [Extended CapTable, RC Table Resistances]
      RC Corner Indexes            0   
Capacitance Scaling Factor   : 1.00000 
Coupling Cap. Scaling Factor : 1.00000 
Resistance Scaling Factor    : 1.00000 
Shrink Factor                : 1.00000
Initializing multi-corner capacitance tables ... 
Initializing multi-corner resistance tables ...
Checking LVS Completed (CPU Time= 0:00:00.0  MEM= 408.9M)
Closing parasitic data file './SYS_TOP_pEIaBi_7300.rcdb.d'. 2678 times net's RC data read were performed.
Creating parasitic data file './SYS_TOP_pEIaBi_7300.rcdb.d/header.da' in memory efficient access mode for storing RC.
Write RCDB with uncompressed RC data. Compressed RCDB mode disabled.
Extracted 10.0072% (CPU Time= 0:00:00.0  MEM= 408.9M)
Extracted 20.006% (CPU Time= 0:00:00.0  MEM= 408.9M)
Extracted 30.0047% (CPU Time= 0:00:00.0  MEM= 408.9M)
Extracted 40.0077% (CPU Time= 0:00:00.1  MEM= 408.9M)
Extracted 50.0064% (CPU Time= 0:00:00.1  MEM= 408.9M)
Extracted 60.0051% (CPU Time= 0:00:00.1  MEM= 408.9M)
Extracted 70.0081% (CPU Time= 0:00:00.1  MEM= 408.9M)
Extracted 80.0068% (CPU Time= 0:00:00.1  MEM= 408.9M)
Extracted 90.0055% (CPU Time= 0:00:00.1  MEM= 408.9M)
Extracted 100% (CPU Time= 0:00:00.1  MEM= 408.9M)
Nr. Extracted Resistors     : 45082
Nr. Extracted Ground Cap.   : 47744
Nr. Extracted Coupling Cap. : 0
Detail RC Extraction DONE (CPU Time: 0:00:00.1  Real Time: 0:00:01.0  MEM: 408.871M)
Found active setup analysis view setup1_analysis_view
Found active setup analysis view setup2_analysis_view
Found active setup analysis view setup3_analysis_view
Found active hold analysis view hold1_analysis_view
Found active hold analysis view hold2_analysis_view
Found active hold analysis view hold3_analysis_view

------------------------------------------------------------
          timeDesign Summary                             
------------------------------------------------------------

+--------------------+---------+---------+---------+---------+---------+---------+
|     Setup mode     |   all   | reg2reg | in2reg  | reg2out | in2out  | clkgate |
+--------------------+---------+---------+---------+---------+---------+---------+
|           WNS (ns):|  3.431  |  3.431  | 15.412  | 77.152  |   N/A   | 17.639  |
|           TNS (ns):|  0.000  |  0.000  |  0.000  |  0.000  |   N/A   |  0.000  |
|    Violating Paths:|    0    |    0    |    0    |    0    |   N/A   |    0    |
|          All Paths:|  1062   |  1048   |   326   |    7    |   N/A   |    1    |
+--------------------+---------+---------+---------+---------+---------+---------+

+----------------+---------------------------+--------------+
|                |            Real           |     Total    |
|    DRVs        +--------------+------------+--------------|
|                |Nr nets(terms)| Worst Vio  |Nr nets(terms)|
+----------------+--------------+------------+--------------+
|   max_cap      |    0 (0)     |   0.000    |    0 (0)     |
|   max_tran     |    0 (0)     |   0.000    |    0 (0)     |
|   max_fanout   |    0 (0)     |     0      |    0 (0)     |
+----------------+--------------+------------+--------------+

Density: 93.396%
------------------------------------------------------------
Reported timing to dir timingReports
Total CPU time: 0.89 sec
Total Real time: 1.0 sec
Total Memory Usage: 408.875 Mbytes
<CMD> addFiller -cell {FILL1M FILL2M FILL4M FILL8M FILL16M FILL32M FILL64M} -prefix FILLER -markFixed
**WARN: (SOCSP-9057):	Fillers being added in a FIXED mode to the whole design. Some subsequent
operations, such as antenna fixing, may fail due to fillers being marked
as 'FIXED'. If this was not intended, use deleteFiller command to undo.
*INFO:   Added 3 filler insts (cell FILL64M / prefix FILLER).
*INFO:   Added 6 filler insts (cell FILL32M / prefix FILLER).
*INFO:   Added 18 filler insts (cell FILL16M / prefix FILLER).
*INFO:   Added 34 filler insts (cell FILL8M / prefix FILLER).
*INFO:   Added 88 filler insts (cell FILL4M / prefix FILLER).
*INFO:   Added 173 filler insts (cell FILL2M / prefix FILLER).
*INFO:   Added 230 filler insts (cell FILL1M / prefix FILLER).
*INFO: Total 552 filler insts added - prefix FILLER (CPU: 0:00:00.0).
*INFO: Checking for DRC violations on added fillers.
*INFO: Iteration 0-#1, Found 6 DRC violations (CPU: 0:00:00.1).
*INFO: Found no DRC violations to fix.
*INFO:   Added 0 filler inst  (cell FILL1M / prefix FILLER).
*INFO: Iteration 1-#1, Found 6 DRC violations (CPU: 0:00:00.1).
*INFO: End DRC Checks. (CPU: 0:00:00.3 MEM: 4.0M).
<CMD> verifyGeometry -noMinArea
 *** Starting Verify Geometry (MEM: 412.8) ***

  VERIFY GEOMETRY ...... Starting Verification
  VERIFY GEOMETRY ...... Initializing
  VERIFY GEOMETRY ...... Deleting Existing Violations
  VERIFY GEOMETRY ...... Creating Sub-Areas
                  ...... bin size: 8000
  VERIFY GEOMETRY ...... SubArea : 1 of 1
  VERIFY GEOMETRY ...... Cells          :  0 Viols.
  VERIFY GEOMETRY ...... SameNet        :  0 Viols.
  VERIFY GEOMETRY ...... Wiring         :  0 Viols.
  VERIFY GEOMETRY ...... Antenna        :  0 Viols.
  VERIFY GEOMETRY ...... Sub-Area : 1 complete 0 Viols. 0 Wrngs.
VG: elapsed time: 1.00
Begin Summary ...
  Cells       : 0
  SameNet     : 0
  Wiring      : 0
  Antenna     : 0
  Short       : 0
  Overlap     : 0
End Summary

  Verification Complete : 0 Viols.  0 Wrngs.

**********End: VERIFY GEOMETRY**********
 *** verify geometry (CPU: 0:00:01.1  MEM: 37.0M)

<CMD> verifyConnectivity -type all -noAntenna -error 1000 -warning 50

******** Start: VERIFY CONNECTIVITY ********
Start Time: Tue Oct  6 18:06:28 2026

Design Name: SYS_TOP
Database Units: 2000
Design Boundary: (0.0000, 0.0000) (240.4700, 160.4700)
Error Limit = 1000; Warning Limit = 50
Check all nets
Net SI[3]: Found a geometry with bounding box (-0.10,120.10) (0.10,120.30) outside design boundary.
Violations for such geometries will be reported.

Begin Summary 
  Found no problems or warnings.
End Summary

End Time: Tue Oct  6 18:06:28 2026
******** End: VERIFY CONNECTIVITY ********
  Verification Complete : 0 Viols.  0 Wrngs.
  (CPU Time: 0:00:00.1  MEM: 0.000M)

<CMD> clearClockDomains
<CMD> setClockDomains -all
setClockDomains -all 
**WARN: (SOCSYC-1873):	The setClockDomains -all option is unsupported in CTE mode 
<CMD> timeDesign -signoff -pathReports -drvReports -slackReports -numPaths 50 -prefix SYS_TOP_signOff -outDir timingReports
-engine default                        # enums={feDC signalStorm default}, default=default, user setting
-signOff false                         # bool, default=false
Set Using Elmore Delay Limit as 300.
** Info : signalStorm engine is used for delay analysis with -signoff option
*** Total 2 marked {PwrOrGnd} nets are outputed to qx_excluded.nets.
Calling QX as: runQX -rcType decoupledRc  -rcCorner {RCcorner}  -excludeFile qx_excluded.nets  -outputFileName SYS_TOP.qx.spef  -grayData obs -compressedOutput
**ERROR: **ERROR: (SOCEXT-5027):	No qx tech file defined for rc corner RCcorner.

Found active setup analysis view setup1_analysis_view
Found active setup analysis view setup2_analysis_view
Found active setup analysis view setup3_analysis_view
Found active hold analysis view hold1_analysis_view
Found active hold analysis view hold2_analysis_view
Found active hold analysis view hold3_analysis_view

------------------------------------------------------------
          timeDesign Summary                             
------------------------------------------------------------

+--------------------+---------+---------+---------+---------+---------+---------+
|     Setup mode     |   all   | reg2reg | in2reg  | reg2out | in2out  | clkgate |
+--------------------+---------+---------+---------+---------+---------+---------+
|           WNS (ns):|  3.390  |  3.390  | 15.409  | 77.163  |   N/A   | 17.640  |
|           TNS (ns):|  0.000  |  0.000  |  0.000  |  0.000  |   N/A   |  0.000  |
|    Violating Paths:|    0    |    0    |    0    |    0    |   N/A   |    0    |
|          All Paths:|  1062   |  1048   |   326   |    7    |   N/A   |    1    |
+--------------------+---------+---------+---------+---------+---------+---------+

+----------------+---------------------------+--------------+
|                |            Real           |     Total    |
|    DRVs        +--------------+------------+--------------|
|                |Nr nets(terms)| Worst Vio  |Nr nets(terms)|
+----------------+--------------+------------+--------------+
|   max_cap      |    0 (0)     |   0.000    |    0 (0)     |
|   max_tran     |    0 (0)     |   0.000    |    0 (0)     |
|   max_fanout   |    0 (0)     |     0      |    0 (0)     |
+----------------+--------------+------------+--------------+

Density: 100.000%
------------------------------------------------------------
Reported timing to dir timingReports
Total CPU time: 3.21 sec
Total Real time: 5.0 sec
Total Memory Usage: 417.78125 Mbytes
Set Using Elmore Delay Limit as 100.
<CMD> setDrawView ameba
<CMD> setDrawView fplan
<CMD> setDrawView place
<CMD> saveDesign /home/ahesham/Projects/System_pnr/pnr/SYS_TOP_chipfinish.enc
Redoing specifyClockTree  -file Clock.ctstch  ...
Writing Netlist "/home/ahesham/Projects/System_pnr/pnr/SYS_TOP_chipfinish.enc.dat/SYS_TOP.v" ...
Saving clock tree spec file '/home/ahesham/Projects/System_pnr/pnr/SYS_TOP_chipfinish.enc.dat/SYS_TOP.ctstch' ...
Saving configuration ...
Saving preference file /home/ahesham/Projects/System_pnr/pnr/SYS_TOP_chipfinish.enc.dat/enc.pref.tcl ...
Saving SI fix option to '/home/ahesham/Projects/System_pnr/pnr/SYS_TOP_chipfinish.enc.dat/siFix.option'...
Saving floorplan ...
Saving Drc markers ...
... No Drc file written since there is no markers found.
Saving placement ...
*** Completed savePlace (cpu=0:00:00.0 real=0:00:00.0 mem=417.8M) ***
Saving route ...
*** Completed saveRoute (cpu=0:00:00.0 real=0:00:00.0 mem=417.8M) ***
*** Completed saveYieldMap (cpu=: 0:00:00.0 real=0:00:00.0 mem=: 0.000M) ***
Creating constraint file...

*** Memory Usage v0.144 (Current mem = 417.781M, initial mem = 62.238M) ***
--- Ending "First Encounter" (totcpu=0:05:14, real=0:22:30, mem=417.8M) ---
